Time,%CPU(global),%CPU(user),%CPU(system)
18:47:58,2.0,0.7,0.7
18:48:00,0.5,0.1,0.4
18:48:02,0.0,0.0,0.0
18:48:04,0.09999999999999432,0.0,0.0
18:48:06,0.09999999999999432,0.0,0.1
18:48:08,0.0,0.0,0.0
18:48:10,0.0,0.0,0.0
18:48:13,0.0,0.0,0.0
18:48:15,0.09999999999999432,0.0,0.1
18:48:17,0.0,0.0,0.0
18:48:19,0.09999999999999432,0.1,0.0
18:48:21,0.0,0.0,0.0
18:48:23,0.0,0.0,0.0
18:48:25,0.09999999999999432,0.0,0.1
18:48:27,0.0,0.0,0.0
18:48:29,0.0,0.0,0.0
18:48:31,0.0,0.0,0.0
18:48:33,0.0,0.0,0.0
18:48:35,0.09999999999999432,0.0,0.1
18:48:37,0.0,0.0,0.0
18:48:39,0.0,0.0,0.0
18:48:41,0.0,0.0,0.0
18:48:43,0.0,0.0,0.0
18:48:45,0.0,0.0,0.0
18:48:47,0.0,0.0,0.0
18:48:49,0.0,0.0,0.0
18:48:51,0.09999999999999432,0.0,0.1
18:48:53,0.0,0.0,0.0
18:48:55,0.09999999999999432,0.1,0.0
18:48:57,0.0,0.0,0.0
18:48:59,0.0,0.0,0.0
18:49:01,0.4000000000000057,0.0,0.4
18:49:03,0.0,0.0,0.0
18:49:05,0.0,0.0,0.0
18:49:07,0.0,0.0,0.0
18:49:09,0.0,0.0,0.0
18:49:11,0.09999999999999432,0.1,0.0
18:49:13,0.0,0.0,0.0
18:49:15,0.0,0.0,0.0
18:49:17,0.0,0.0,0.0
18:49:19,0.0,0.0,0.0
18:49:21,0.0,0.0,0.0
18:49:23,0.09999999999999432,0.1,0.0
18:49:25,0.0,0.0,0.0
18:49:27,0.09999999999999432,0.0,0.1
18:49:30,0.0,0.0,0.0
18:49:32,0.0,0.0,0.0
18:49:34,0.09999999999999432,0.1,0.0
18:49:36,0.0,0.0,0.0
18:49:38,0.0,0.0,0.0
18:49:40,0.0,0.0,0.0
18:49:42,0.0,0.0,0.0
18:49:44,0.0,0.0,0.0
18:49:46,0.09999999999999432,0.1,0.0
18:49:48,0.0,0.0,0.0
18:49:50,0.0,0.0,0.0
18:49:52,0.0,0.0,0.0
18:49:54,0.09999999999999432,0.0,0.1
18:49:56,0.09999999999999432,0.0,0.0
18:49:58,0.0,0.0,0.0
18:50:00,0.5,0.1,0.4
18:50:02,0.0,0.0,0.0
18:50:04,0.0,0.0,0.0
18:50:06,0.0,0.0,0.0
18:50:08,0.0,0.0,0.0
18:50:10,0.0,0.0,0.0
18:50:12,0.0,0.0,0.0
18:50:14,0.0,0.0,0.0
18:50:16,0.0,0.0,0.0
18:50:18,0.0,0.0,0.0
18:50:20,0.0,0.0,0.0
18:50:22,0.0,0.0,0.0
18:50:24,0.09999999999999432,0.1,0.0
18:50:26,0.0,0.0,0.0
18:50:28,0.0,0.0,0.0
18:50:30,0.09999999999999432,0.0,0.1
18:50:32,0.0,0.0,0.0
18:50:34,0.0,0.0,0.0
18:50:36,0.0,0.0,0.0
18:50:38,0.09999999999999432,0.0,0.1
18:50:40,0.0,0.0,0.0
18:50:42,0.09999999999999432,0.1,0.0
18:50:44,0.0,0.0,0.0
18:50:46,0.0,0.0,0.0
18:50:48,0.09999999999999432,0.1,0.0
18:50:51,0.0,0.0,0.0
18:50:53,0.09999999999999432,0.0,0.0
18:50:55,0.0,0.0,0.0
18:50:57,0.0,0.0,0.0
18:50:59,0.09999999999999432,0.1,0.0
18:51:01,0.29999999999999716,0.0,0.3
18:51:03,0.0,0.0,0.0
18:51:05,0.09999999999999432,0.0,0.1
18:51:07,0.0,0.0,0.0
18:51:09,0.0,0.0,0.0
18:51:11,0.09999999999999432,0.0,0.1
18:51:13,0.0,0.0,0.0
18:51:15,0.0,0.0,0.0
18:51:17,0.0,0.0,0.0
18:51:19,0.0,0.0,0.0
18:51:21,0.09999999999999432,0.0,0.1
18:51:23,0.09999999999999432,0.0,0.0
18:51:25,0.09999999999999432,0.1,0.0
18:51:27,0.0,0.0,0.0
18:51:29,0.0,0.0,0.0
18:51:31,0.0,0.0,0.0
18:51:33,0.0,0.0,0.0
18:51:35,0.0,0.0,0.0
18:51:37,0.0,0.0,0.0
18:51:39,0.0,0.0,0.0
18:51:41,0.0,0.0,0.0
18:51:43,0.09999999999999432,0.0,0.1
18:51:45,0.0,0.0,0.0
18:51:47,0.0,0.0,0.0
18:51:49,0.09999999999999432,0.1,0.0
18:51:51,0.09999999999999432,0.0,0.1
18:51:54,0.0,0.0,0.0
18:51:56,0.0,0.0,0.0
18:51:58,0.0,0.0,0.0
18:52:00,0.0,0.0,0.0
18:52:02,0.09999999999999432,0.0,0.1
18:52:04,0.0,0.0,0.0
18:52:06,0.09999999999999432,0.1,0.0
18:52:08,0.0,0.0,0.0
18:52:10,0.0,0.0,0.0
18:52:12,0.09999999999999432,0.0,0.1
18:52:14,0.0,0.0,0.0
18:52:16,0.0,0.0,0.0
18:52:18,0.09999999999999432,0.0,0.1
18:52:20,0.09999999999999432,0.0,0.0
18:52:22,0.0,0.0,0.0
18:52:24,0.0,0.0,0.0
18:52:26,0.0,0.0,0.0
18:52:28,0.0,0.0,0.0
18:52:30,0.0,0.0,0.0
18:52:32,0.09999999999999432,0.0,0.1
18:52:34,0.0,0.0,0.0
18:52:36,0.0,0.0,0.0
18:52:38,0.0,0.0,0.0
18:52:40,0.0,0.0,0.0
18:52:42,0.0,0.0,0.0
18:52:44,0.09999999999999432,0.1,0.0
18:52:46,0.0,0.0,0.0
18:52:48,0.0,0.0,0.0
18:52:50,0.09999999999999432,0.0,0.1
18:52:52,0.0,0.0,0.0
18:52:54,0.0,0.0,0.0
18:52:56,0.0,0.0,0.0
18:52:58,0.0,0.0,0.0
18:53:00,0.29999999999999716,0.0,0.3
18:53:02,0.0,0.0,0.0
18:53:04,0.0,0.0,0.0
18:53:06,0.0,0.0,0.0
18:53:08,0.0,0.0,0.0
18:53:10,0.09999999999999432,0.1,0.0
18:53:13,0.0,0.0,0.0
18:53:15,0.0,0.0,0.0
18:53:17,0.0,0.0,0.0
18:53:19,0.0,0.0,0.0
18:53:21,0.0,0.0,0.0
18:53:23,0.0,0.0,0.0
18:53:25,0.09999999999999432,0.0,0.1
18:53:27,0.0,0.0,0.0
18:53:29,0.0,0.0,0.0
18:53:31,0.0,0.0,0.0
18:53:33,0.0,0.0,0.0
18:53:35,0.0,0.0,0.0
18:53:37,0.09999999999999432,0.1,0.0
18:53:39,0.0,0.0,0.0
18:53:41,0.09999999999999432,0.0,0.0
18:53:43,0.0,0.0,0.0
18:53:45,0.09999999999999432,0.0,0.1
18:53:47,0.0,0.0,0.0
18:53:49,0.0,0.0,0.0
18:53:51,0.0,0.0,0.0
18:53:53,0.0,0.0,0.0
18:53:55,0.0,0.0,0.0
18:53:57,0.09999999999999432,0.0,0.0
18:53:59,0.0,0.0,0.0
18:54:01,0.20000000000000284,0.1,0.2
18:54:03,0.0,0.0,0.0
18:54:05,0.0,0.0,0.0
18:54:07,0.09999999999999432,0.1,0.0
18:54:09,0.0,0.0,0.0
18:54:11,0.0,0.0,0.0
18:54:13,0.0,0.0,0.0
18:54:15,0.09999999999999432,0.0,0.1
18:54:17,0.0,0.0,0.0
18:54:19,0.09999999999999432,0.0,0.1
18:54:21,0.0,0.0,0.0
18:54:23,0.0,0.0,0.0
18:54:25,0.0,0.0,0.0
18:54:27,0.09999999999999432,0.0,0.1
18:54:29,0.0,0.0,0.0
18:54:31,0.09999999999999432,0.1,0.0
18:54:34,0.0,0.0,0.0
18:54:36,0.09999999999999432,0.0,0.0
18:54:38,0.0,0.0,0.0
18:54:40,0.0,0.0,0.0
18:54:42,0.0,0.0,0.0
18:54:44,0.09999999999999432,0.0,0.1
18:54:46,0.0,0.0,0.0
18:54:48,0.0,0.0,0.0
18:54:50,0.0,0.0,0.0
18:54:52,0.0,0.0,0.0
18:54:54,0.0,0.0,0.0
18:54:56,0.0,0.0,0.0
18:54:58,0.0,0.0,0.0
18:55:00,0.4000000000000057,0.1,0.3
18:55:02,0.0,0.0,0.0
18:55:04,0.0,0.0,0.0
18:55:06,0.0,0.0,0.0
18:55:08,0.0,0.0,0.0
18:55:10,0.0,0.0,0.0
18:55:12,0.0,0.0,0.0
18:55:14,0.09999999999999432,0.0,0.1
18:55:16,0.09999999999999432,0.0,0.0
18:55:18,0.0,0.0,0.0
18:55:20,0.09999999999999432,0.1,0.0
18:55:22,0.09999999999999432,0.0,0.1
18:55:24,0.0,0.0,0.0
18:55:26,0.0,0.0,0.0
18:55:28,0.0,0.0,0.0
18:55:30,0.0,0.0,0.0
18:55:32,0.0,0.0,0.0
18:55:34,0.0,0.0,0.0
18:55:36,0.09999999999999432,0.1,0.0
18:55:38,0.0,0.0,0.0
18:55:40,0.0,0.0,0.0
18:55:42,0.09999999999999432,0.0,0.1
18:55:44,0.0,0.0,0.0
18:55:46,0.0,0.0,0.0
18:55:48,0.0,0.0,0.0
18:55:50,0.0,0.0,0.0
18:55:52,0.0,0.0,0.0
18:55:54,0.09999999999999432,0.0,0.1
18:55:56,0.0,0.0,0.0
18:55:58,0.0,0.0,0.0
18:56:00,0.20000000000000284,0.0,0.2
18:56:02,0.0,0.0,0.0
18:56:05,0.09999999999999432,0.0,0.0
18:56:07,0.0,0.0,0.0
18:56:09,0.0,0.0,0.0
18:56:11,0.0,0.0,0.0
18:56:13,0.09999999999999432,0.1,0.0
18:56:15,0.09999999999999432,0.0,0.1
18:56:17,0.0,0.0,0.0
18:56:19,0.0,0.0,0.0
18:56:21,0.0,0.0,0.0
18:56:23,0.0,0.0,0.0
18:56:25,0.09999999999999432,0.1,0.0
18:56:27,0.0,0.0,0.0
18:56:29,0.0,0.0,0.0
18:56:31,0.09999999999999432,0.0,0.1
18:56:33,0.0,0.0,0.0
18:56:35,0.0,0.0,0.0
18:56:37,0.09999999999999432,0.0,0.1
18:56:39,0.09999999999999432,0.1,0.0
18:56:41,0.0,0.0,0.0
18:56:43,0.0,0.0,0.0
18:56:45,0.0,0.0,0.0
18:56:47,0.0,0.0,0.0
18:56:49,0.0,0.0,0.0
18:56:51,0.0,0.0,0.0
18:56:53,0.09999999999999432,0.0,0.0
18:56:55,0.0,0.0,0.0
18:56:57,0.0,0.0,0.0
18:56:59,0.0,0.0,0.0
18:57:01,0.4000000000000057,0.1,0.3
18:57:03,0.0,0.0,0.0
18:57:05,0.09999999999999432,0.0,0.1
18:57:07,0.0,0.0,0.0
18:57:09,0.0,0.0,0.0
18:57:11,0.0,0.0,0.0
18:57:13,0.0,0.0,0.0
18:57:15,0.0,0.0,0.0
18:57:17,0.0,0.0,0.0
18:57:19,0.0,0.0,0.0
18:57:21,0.0,0.0,0.0
18:57:24,0.09999999999999432,0.0,0.0
18:57:26,0.0,0.0,0.0
18:57:28,0.09999999999999432,0.0,0.1
18:57:30,0.0,0.0,0.0
18:57:32,0.0,0.0,0.0
18:57:34,0.0,0.0,0.0
18:57:36,0.0,0.0,0.0
18:57:38,0.0,0.0,0.0
18:57:40,0.0,0.0,0.0
18:57:42,0.09999999999999432,0.0,0.0
18:57:44,0.0,0.0,0.0
18:57:46,0.0,0.0,0.0
18:57:48,0.09999999999999432,0.0,0.0
18:57:50,0.09999999999999432,0.1,0.1
18:57:52,0.0,0.0,0.0
18:57:54,0.0,0.0,0.0
18:57:56,0.0,0.0,0.0
18:57:58,0.0,0.0,0.0
18:58:00,0.20000000000000284,0.0,0.2
18:58:02,0.0,0.0,0.0
18:58:04,0.0,0.0,0.0
18:58:06,0.0,0.0,0.0
18:58:08,0.09999999999999432,0.1,0.0
18:58:10,0.0,0.0,0.0
18:58:12,0.09999999999999432,0.0,0.1
18:58:14,0.0,0.0,0.0
18:58:16,0.0,0.0,0.0
18:58:18,0.0,0.0,0.0
18:58:20,0.09999999999999432,0.1,0.0
18:58:22,0.0,0.0,0.0
18:58:24,0.0,0.0,0.0
18:58:26,0.0,0.0,0.0
18:58:28,0.0,0.0,0.0
18:58:30,0.0,0.0,0.0
18:58:32,0.0,0.0,0.0
18:58:34,0.0,0.0,0.0
18:58:36,0.0,0.0,0.0
18:58:38,0.0,0.0,0.0
18:58:40,0.0,0.0,0.0
18:58:42,0.0,0.0,0.0
18:58:44,0.0,0.0,0.0
18:58:46,0.0,0.0,0.0
18:58:48,0.09999999999999432,0.0,0.1
18:58:51,0.0,0.0,0.0
18:58:53,0.0,0.0,0.0
18:58:55,0.09999999999999432,0.0,0.0
18:58:57,0.0,0.0,0.0
18:58:59,0.0,0.0,0.0
18:59:01,0.4000000000000057,0.1,0.3
18:59:03,0.0,0.0,0.0
18:59:05,0.0,0.0,0.0
18:59:07,0.0,0.0,0.0
18:59:09,0.0,0.0,0.0
18:59:11,0.0,0.0,0.0
18:59:13,0.09999999999999432,0.0,0.1
18:59:15,0.0,0.0,0.0
18:59:17,0.09999999999999432,0.0,0.0
18:59:19,0.0,0.0,0.0
18:59:21,0.0,0.0,0.0
18:59:23,0.0,0.0,0.0
18:59:25,0.0,0.0,0.0
18:59:27,0.0,0.0,0.0
18:59:29,0.09999999999999432,0.0,0.1
18:59:31,0.0,0.0,0.0
18:59:33,0.09999999999999432,0.0,0.1
18:59:35,0.09999999999999432,0.1,0.0
18:59:37,0.0,0.0,0.0
18:59:39,0.0,0.0,0.0
18:59:41,0.0,0.0,0.0
18:59:43,0.0,0.0,0.0
18:59:45,0.0,0.0,0.0
18:59:47,0.0,0.0,0.0
18:59:49,0.0,0.0,0.0
18:59:51,0.0,0.0,0.0
18:59:53,0.0,0.0,0.0
18:59:55,0.0,0.0,0.0
18:59:57,0.09999999999999432,0.0,0.1
18:59:59,0.0,0.0,0.0
19:00:01,0.20000000000000284,0.1,0.2
19:00:03,0.0,0.0,0.0
19:00:06,0.09999999999999432,0.0,0.1
19:00:08,0.0,0.0,0.0
19:00:10,0.09999999999999432,0.1,0.0
19:00:12,0.09999999999999432,0.0,0.1
19:00:14,0.09999999999999432,0.0,0.0
19:00:16,0.0,0.0,0.0
19:00:18,0.0,0.0,0.0
19:00:20,0.0,0.0,0.0
19:00:22,0.0,0.0,0.0
19:00:24,0.0,0.0,0.0
19:00:26,0.0,0.0,0.0
19:00:28,0.0,0.0,0.0
19:00:30,0.0,0.0,0.0
19:00:32,0.09999999999999432,0.0,0.1
19:00:34,0.0,0.0,0.0
19:00:36,0.0,0.0,0.0
19:00:38,0.0,0.0,0.0
19:00:40,0.0,0.0,0.0
19:00:42,0.0,0.0,0.0
19:00:44,0.0,0.0,0.0
19:00:46,0.0,0.0,0.0
19:00:48,0.09999999999999432,0.0,0.0
19:00:50,0.0,0.0,0.0
19:00:52,0.09999999999999432,0.0,0.1
19:00:54,0.0,0.0,0.0
19:00:56,0.0,0.0,0.0
19:00:58,0.0,0.0,0.0
19:01:00,0.20000000000000284,0.0,0.2
19:01:02,0.0,0.0,0.0
19:01:04,0.0,0.0,0.0
19:01:06,0.09999999999999432,0.0,0.1
19:01:08,0.0,0.0,0.0
19:01:10,0.09999999999999432,0.1,0.0
19:01:12,0.0,0.0,0.0
19:01:14,0.0,0.0,0.0
19:01:16,0.0,0.0,0.0
19:01:18,0.0,0.0,0.0
19:01:20,0.0,0.0,0.0
19:01:22,0.09999999999999432,0.1,0.0
19:01:24,0.0,0.0,0.0
19:01:26,0.0,0.0,0.0
19:01:28,0.0,0.0,0.0
19:01:30,0.0,0.0,0.0
19:01:32,0.09999999999999432,0.0,0.1
19:01:34,0.0,0.0,0.0
19:01:36,0.0,0.0,0.0
19:01:38,0.09999999999999432,0.1,0.0
19:01:41,0.09999999999999432,0.0,0.0
19:01:43,0.0,0.0,0.0
19:01:45,0.0,0.0,0.0
19:01:47,0.0,0.0,0.0
19:01:49,0.0,0.0,0.0
19:01:51,0.0,0.0,0.0
19:01:53,0.0,0.0,0.0
19:01:55,0.0,0.0,0.0
19:01:57,0.0,0.0,0.0
19:01:59,0.0,0.0,0.0
19:02:01,0.29999999999999716,0.1,0.2
19:02:03,0.0,0.0,0.0
19:02:05,0.0,0.0,0.0
19:02:07,0.09999999999999432,0.0,0.1
19:02:09,0.09999999999999432,0.0,0.1
19:02:11,0.0,0.0,0.0
19:02:13,0.09999999999999432,0.1,0.0
19:02:15,0.0,0.0,0.0
19:02:17,0.0,0.0,0.0
19:02:19,0.0,0.0,0.0
19:02:21,0.0,0.0,0.0
19:02:23,0.0,0.0,0.0
19:02:25,0.09999999999999432,0.1,0.0
19:02:27,0.0,0.0,0.0
19:02:29,0.0,0.0,0.0
19:02:31,0.09999999999999432,0.0,0.1
19:02:33,0.09999999999999432,0.0,0.0
19:02:35,0.0,0.0,0.0
19:02:37,0.09999999999999432,0.0,0.1
19:02:39,0.0,0.0,0.0
19:02:41,0.0,0.0,0.0
19:02:43,0.0,0.0,0.0
19:02:45,0.0,0.0,0.0
19:02:47,0.0,0.0,0.0
19:02:49,0.0,0.0,0.0
19:02:51,0.0,0.0,0.0
19:02:53,0.0,0.0,0.0
19:02:55,0.0,0.0,0.0
19:02:57,0.09999999999999432,0.1,0.0
19:02:59,0.0,0.0,0.0
19:03:01,0.4000000000000057,0.0,0.3
19:03:03,0.0,0.0,0.0
19:03:05,0.09999999999999432,0.0,0.1
19:03:07,0.0,0.0,0.0
19:03:09,0.0,0.0,0.0
19:03:11,0.0,0.0,0.0
19:03:13,0.09999999999999432,0.1,0.0
19:03:15,0.0,0.0,0.0
19:03:17,0.0,0.0,0.0
19:03:19,0.0,0.0,0.0
19:03:21,0.0,0.0,0.0
19:03:23,0.0,0.0,0.0
19:03:25,0.0,0.0,0.0
19:03:28,0.0,0.0,0.0
19:03:30,0.09999999999999432,0.0,0.1
19:03:32,0.0,0.0,0.0
19:03:34,0.0,0.0,0.0
19:03:36,0.09999999999999432,0.0,0.1
19:03:38,0.0,0.0,0.0
19:03:40,0.0,0.0,0.0
19:03:42,0.0,0.0,0.0
19:03:44,0.0,0.0,0.0
19:03:46,0.09999999999999432,0.0,0.1
19:03:48,0.0,0.0,0.0
19:03:50,0.09999999999999432,0.1,0.0
19:03:52,0.0,0.0,0.0
19:03:54,0.0,0.0,0.0
19:03:56,0.0,0.0,0.0
19:03:58,0.0,0.0,0.0
19:04:00,0.4000000000000057,0.1,0.2
19:04:02,0.0,0.0,0.0
19:04:04,0.09999999999999432,0.0,0.1
19:04:06,0.0,0.0,0.0
19:04:08,0.0,0.0,0.0
19:04:10,0.0,0.0,0.0
19:04:12,0.0,0.0,0.0
19:04:14,0.0,0.0,0.0
19:04:16,0.0,0.0,0.0
19:04:18,0.0,0.0,0.0
19:04:20,0.09999999999999432,0.1,0.0
19:04:22,0.0,0.0,0.0
19:04:24,0.0,0.0,0.0
19:04:26,0.0,0.0,0.0
19:04:28,0.0,0.0,0.0
19:04:30,0.0,0.0,0.0
19:04:32,0.09999999999999432,0.0,0.0
19:04:34,0.0,0.0,0.0
19:04:36,0.09999999999999432,0.1,0.0
19:04:38,0.0,0.0,0.0
19:04:40,0.0,0.0,0.0
19:04:42,0.0,0.0,0.0
19:04:44,0.0,0.0,0.0
19:04:46,0.0,0.0,0.0
19:04:48,0.0,0.0,0.0
19:04:50,0.09999999999999432,0.1,0.0
19:04:52,0.09999999999999432,0.0,0.1
19:04:54,0.0,0.0,0.0
19:04:56,0.0,0.0,0.0
19:04:59,0.0,0.0,0.0
19:05:01,0.4000000000000057,0.0,0.4
19:05:03,0.0,0.0,0.0
19:05:05,0.0,0.0,0.0
19:05:07,0.0,0.0,0.0
19:05:09,0.09999999999999432,0.1,0.0
19:05:11,0.0,0.0,0.0
19:05:13,0.0,0.0,0.0
19:05:15,0.0,0.0,0.0
19:05:17,0.0,0.0,0.0
19:05:19,0.0,0.0,0.0
19:05:21,0.09999999999999432,0.0,0.1
19:05:23,0.0,0.0,0.0
19:05:25,0.09999999999999432,0.1,0.0
19:05:27,0.0,0.0,0.0
19:05:29,0.0,0.0,0.0
19:05:31,0.0,0.0,0.0
19:05:33,0.0,0.0,0.0
19:05:35,0.0,0.0,0.0
19:05:37,0.0,0.0,0.0
19:05:39,0.0,0.0,0.0
19:05:41,0.09999999999999432,0.0,0.1
19:05:43,0.0,0.0,0.0
19:05:45,0.0,0.0,0.0
19:05:47,0.0,0.0,0.0
19:05:49,0.09999999999999432,0.0,0.1
19:05:51,0.20000000000000284,0.0,0.2
19:05:53,0.0,0.0,0.0
19:05:55,0.0,0.0,0.0
19:05:57,0.0,0.0,0.0
19:05:59,0.0,0.0,0.0
19:06:01,0.5,0.2,0.2
19:06:03,0.0,0.0,0.0
19:06:05,0.0,0.0,0.0
19:06:07,0.09999999999999432,0.0,0.1
19:06:10,0.0,0.0,0.0
19:06:12,0.0,0.0,0.0
19:06:14,0.0,0.0,0.0
19:06:16,0.0,0.0,0.0
19:06:18,0.0,0.0,0.0
19:06:20,0.0,0.0,0.0
19:06:22,0.0,0.0,0.0
19:06:24,0.09999999999999432,0.0,0.1
19:06:26,0.09999999999999432,0.1,0.0
19:06:28,0.0,0.0,0.0
19:06:30,0.09999999999999432,0.1,0.0
19:06:32,0.09999999999999432,0.0,0.1
19:06:34,0.0,0.0,0.0
19:06:36,0.0,0.0,0.0
19:06:38,0.0,0.0,0.0
19:06:40,0.0,0.0,0.0
19:06:42,0.0,0.0,0.0
19:06:44,0.09999999999999432,0.1,0.1
19:06:46,0.0,0.0,0.0
19:06:48,0.29999999999999716,0.0,0.0
19:06:50,0.0,0.0,0.0
19:06:52,0.0,0.0,0.0
19:06:54,0.09999999999999432,0.1,0.0
19:06:56,0.0,0.0,0.0
19:06:58,0.0,0.0,0.0
19:07:00,0.4000000000000057,0.2,0.2
19:07:02,0.0,0.0,0.0
19:07:04,0.0,0.0,0.0
19:07:06,0.09999999999999432,0.1,0.0
19:07:08,0.09999999999999432,0.1,0.0
19:07:10,0.0,0.0,0.0
19:07:12,0.0,0.0,0.0
19:07:14,0.0,0.0,0.0
19:07:16,0.0,0.0,0.0
19:07:18,0.0,0.0,0.0
19:07:21,0.0,0.0,0.0
19:07:23,0.0,0.0,0.0
19:07:25,0.09999999999999432,0.1,0.1
19:07:27,0.0,0.0,0.0
19:07:29,0.0,0.0,0.0
19:07:31,0.0,0.0,0.0
19:07:33,0.0,0.0,0.0
19:07:35,0.09999999999999432,0.0,0.1
19:07:37,0.0,0.0,0.0
19:07:39,0.0,0.0,0.0
19:07:41,0.09999999999999432,0.1,0.1
19:07:43,0.09999999999999432,0.0,0.0
19:07:45,0.0,0.0,0.0
19:07:47,0.09999999999999432,0.0,0.0
19:07:49,0.0,0.0,0.0
19:07:51,0.0,0.0,0.0
19:07:53,0.09999999999999432,0.0,0.0
19:07:55,0.0,0.0,0.0
19:07:57,0.0,0.0,0.0
19:07:59,0.0,0.0,0.0
19:08:01,0.4000000000000057,0.1,0.4
19:08:03,0.0,0.0,0.0
19:08:05,0.0,0.0,0.0
19:08:07,0.09999999999999432,0.1,0.0
19:08:09,0.09999999999999432,0.0,0.1
19:08:11,0.0,0.0,0.0
19:08:13,0.0,0.0,0.0
19:08:15,0.0,0.0,0.0
19:08:17,0.0,0.0,0.0
19:08:19,0.09999999999999432,0.0,0.0
19:08:21,0.0,0.0,0.0
19:08:23,0.0,0.0,0.0
19:08:25,0.0,0.0,0.0
19:08:27,0.0,0.0,0.0
19:08:29,0.0,0.0,0.0
19:08:31,0.0,0.0,0.0
19:08:33,0.09999999999999432,0.1,0.0
19:08:35,0.0,0.0,0.0
19:08:38,0.09999999999999432,0.0,0.1
19:08:40,0.09999999999999432,0.1,0.0
19:08:42,0.09999999999999432,0.0,0.0
19:08:44,0.0,0.0,0.0
19:08:46,0.0,0.0,0.0
19:08:48,0.0,0.0,0.0
19:08:50,0.09999999999999432,0.0,0.1
19:08:52,0.0,0.0,0.0
19:08:54,0.09999999999999432,0.0,0.1
19:08:56,0.0,0.0,0.0
19:08:58,0.0,0.0,0.0
19:09:00,0.29999999999999716,0.1,0.3
19:09:02,0.0,0.0,0.0
19:09:04,0.0,0.0,0.0
19:09:06,0.09999999999999432,0.0,0.1
19:09:08,0.0,0.0,0.0
19:09:10,0.09999999999999432,0.1,0.0
19:09:12,0.0,0.0,0.0
19:09:14,0.0,0.0,0.0
19:09:16,0.09999999999999432,0.0,0.0
19:09:18,0.0,0.0,0.0
19:09:20,0.0,0.0,0.0
19:09:22,0.0,0.0,0.0
19:09:24,0.0,0.0,0.0
19:09:26,0.0,0.0,0.0
19:09:28,0.0,0.0,0.0
19:09:30,0.0,0.0,0.0
19:09:32,0.09999999999999432,0.1,0.1
19:09:34,0.0,0.0,0.0
19:09:36,0.09999999999999432,0.1,0.0
19:09:38,0.0,0.0,0.0
19:09:40,0.0,0.0,0.0
19:09:42,0.0,0.0,0.0
19:09:44,0.0,0.0,0.0
19:09:47,0.0,0.0,0.0
19:09:49,0.09999999999999432,0.0,0.1
19:09:51,0.0,0.0,0.0
19:09:53,0.09999999999999432,0.1,0.0
19:09:55,0.0,0.0,0.0
19:09:57,0.09999999999999432,0.1,0.0
19:09:59,0.0,0.0,0.0
19:10:01,0.29999999999999716,0.0,0.3
19:10:03,0.09999999999999432,0.1,0.0
19:10:05,0.0,0.0,0.0
19:10:07,0.09999999999999432,0.1,0.0
19:10:09,0.09999999999999432,0.0,0.0
19:10:11,0.09999999999999432,0.1,0.0
19:10:13,0.0,0.0,0.0
19:10:15,0.09999999999999432,0.1,0.0
19:10:17,0.0,0.0,0.0
19:10:19,0.09999999999999432,0.0,0.1
19:10:21,0.0,0.0,0.0
19:10:23,0.0,0.0,0.0
19:10:25,0.09999999999999432,0.1,0.0
19:10:27,0.0,0.0,0.0
19:10:29,0.0,0.0,0.0
19:10:31,0.0,0.0,0.0
19:10:33,0.0,0.0,0.0
19:10:35,0.09999999999999432,0.0,0.1
19:10:37,0.0,0.0,0.0
19:10:39,0.0,0.0,0.0
19:10:41,0.0,0.0,0.0
19:10:43,0.0,0.0,0.0
19:10:45,0.09999999999999432,0.1,0.0
19:10:47,0.0,0.0,0.0
19:10:49,0.09999999999999432,0.0,0.1
19:10:51,0.0,0.0,0.0
19:10:53,0.0,0.0,0.0
19:10:55,0.0,0.0,0.0
19:10:57,0.0,0.0,0.0
19:10:59,0.0,0.0,0.0
19:11:01,0.4000000000000057,0.1,0.4
19:11:03,0.0,0.0,0.0
19:11:05,0.09999999999999432,0.0,0.0
19:11:07,0.0,0.0,0.0
19:11:09,0.0,0.0,0.0
19:11:11,0.09999999999999432,0.1,0.0
19:11:13,0.0,0.0,0.0
19:11:15,0.09999999999999432,0.1,0.1
19:11:17,0.0,0.0,0.0
19:11:19,0.0,0.0,0.0
19:11:21,0.0,0.0,0.0
19:11:24,0.0,0.0,0.0
19:11:26,0.0,0.0,0.0
19:11:28,0.0,0.0,0.0
19:11:30,0.29999999999999716,0.0,0.0
19:11:32,0.0,0.0,0.0
19:11:34,0.0,0.0,0.0
19:11:36,0.0,0.0,0.0
19:11:38,0.0,0.0,0.0
19:11:40,0.0,0.0,0.0
19:11:42,0.09999999999999432,0.1,0.1
19:11:44,0.0,0.0,0.0
19:11:46,0.0,0.0,0.0
19:11:48,0.0,0.0,0.0
19:11:50,0.09999999999999432,0.1,0.0
19:11:52,0.0,0.0,0.0
19:11:54,0.09999999999999432,0.0,0.1
19:11:56,0.0,0.0,0.0
19:11:58,0.0,0.0,0.0
19:12:00,0.4000000000000057,0.1,0.3
19:12:02,0.09999999999999432,0.0,0.0
19:12:04,0.0,0.0,0.0
19:12:06,0.0,0.0,0.0
19:12:08,0.0,0.0,0.0
19:12:10,0.09999999999999432,0.1,0.1
19:12:12,0.0,0.0,0.0
19:12:14,0.0,0.0,0.0
19:12:16,0.09999999999999432,0.1,0.0
19:12:18,0.0,0.0,0.0
19:12:20,0.0,0.0,0.0
19:12:22,0.0,0.0,0.0
19:12:24,0.0,0.0,0.0
19:12:26,0.29999999999999716,0.0,0.0
19:12:28,0.0,0.0,0.0
19:12:30,0.0,0.0,0.0
19:12:32,0.09999999999999432,0.0,0.1
19:12:34,0.09999999999999432,0.1,0.0
19:12:36,0.0,0.0,0.0
19:12:38,0.0,0.0,0.0
19:12:40,0.09999999999999432,0.1,0.0
19:12:42,0.0,0.0,0.0
19:12:44,0.0,0.0,0.0
19:12:46,0.0,0.0,0.0
19:12:48,0.0,0.0,0.0
19:12:50,0.0,0.0,0.0
19:12:52,0.0,0.0,0.0
19:12:54,0.09999999999999432,0.0,0.1
19:12:56,0.09999999999999432,0.1,0.0
19:12:58,0.0,0.0,0.0
19:13:00,0.4000000000000057,0.0,0.3
19:13:02,0.0,0.0,0.0
19:13:04,0.09999999999999432,0.0,0.1
19:13:06,0.0,0.0,0.0
19:13:08,0.09999999999999432,0.0,0.1
19:13:10,0.0,0.0,0.0
19:13:12,0.0,0.0,0.0
19:13:14,0.0,0.0,0.0
19:13:16,0.09999999999999432,0.0,0.0
19:13:18,0.0,0.0,0.0
19:13:20,0.0,0.0,0.0
19:13:22,0.09999999999999432,0.0,0.0
19:13:24,0.09999999999999432,0.0,0.1
19:13:26,0.0,0.0,0.0
19:13:28,0.0,0.0,0.0
19:13:30,0.0,0.0,0.0
19:13:32,0.0,0.0,0.0
19:13:35,0.0,0.0,0.0
19:13:37,0.0,0.0,0.0
19:13:39,0.0,0.0,0.0
19:13:41,0.0,0.0,0.0
19:13:43,0.0,0.0,0.0
19:13:45,0.09999999999999432,0.0,0.1
19:13:47,0.09999999999999432,0.1,0.0
19:13:49,0.0,0.0,0.0
19:13:51,0.0,0.0,0.0
19:13:53,0.0,0.0,0.0
19:13:55,0.0,0.0,0.0
19:13:57,0.0,0.0,0.0
19:13:59,0.0,0.0,0.0
19:14:01,0.4000000000000057,0.0,0.4
19:14:03,0.0,0.0,0.0
19:14:05,0.0,0.0,0.0
19:14:07,0.09999999999999432,0.1,0.0
19:14:09,0.0,0.0,0.0
19:14:11,0.0,0.0,0.0
19:14:13,0.0,0.0,0.0
19:14:15,0.0,0.0,0.0
19:14:17,0.0,0.0,0.0
19:14:19,0.09999999999999432,0.0,0.0
19:14:21,0.0,0.0,0.0
19:14:23,0.0,0.0,0.0
19:14:25,0.0,0.0,0.0
19:14:27,0.0,0.0,0.0
19:14:29,0.0,0.0,0.0
19:14:31,0.0,0.0,0.0
19:14:33,0.09999999999999432,0.0,0.1
19:14:35,0.0,0.0,0.0
19:14:37,0.0,0.0,0.0
19:14:39,0.09999999999999432,0.0,0.1
19:14:41,0.0,0.0,0.0
19:14:43,0.0,0.0,0.0
19:14:45,0.0,0.0,0.0
19:14:47,0.0,0.0,0.0
19:14:49,0.0,0.0,0.0
19:14:51,0.0,0.0,0.0
19:14:53,0.29999999999999716,0.0,0.0
19:14:55,0.0,0.0,0.0
19:14:57,0.09999999999999432,0.0,0.1
19:14:59,0.09999999999999432,0.1,0.0
19:15:01,0.29999999999999716,0.0,0.3
19:15:03,0.0,0.0,0.0
19:15:05,0.09999999999999432,0.0,0.0
19:15:07,0.0,0.0,0.0
19:15:09,0.09999999999999432,0.1,0.0
19:15:11,0.0,0.0,0.0
19:15:13,0.0,0.0,0.0
19:15:15,0.0,0.0,0.0
19:15:17,0.0,0.0,0.0
19:15:19,0.0,0.0,0.0
19:15:21,0.0,0.0,0.0
19:15:23,0.09999999999999432,0.1,0.0
19:15:25,0.09999999999999432,0.0,0.1
19:15:27,0.0,0.0,0.0
19:15:29,0.0,0.0,0.0
19:15:32,0.0,0.0,0.0
19:15:34,0.0,0.0,0.0
19:15:36,0.0,0.0,0.0
19:15:38,0.0,0.0,0.0
19:15:40,0.0,0.0,0.0
19:15:42,0.09999999999999432,0.1,0.1
19:15:44,0.0,0.0,0.0
19:15:46,0.0,0.0,0.0
19:15:48,0.0,0.0,0.0
19:15:50,0.09999999999999432,0.0,0.0
19:15:52,0.0,0.0,0.0
19:15:54,0.0,0.0,0.0
19:15:56,0.0,0.0,0.0
19:15:58,0.0,0.0,0.0
19:16:00,0.4000000000000057,0.1,0.4
19:16:02,0.0,0.0,0.0
19:16:04,0.0,0.0,0.0
19:16:06,0.09999999999999432,0.1,0.0
19:16:08,0.09999999999999432,0.0,0.1
19:16:10,0.09999999999999432,0.0,0.1
19:16:12,0.09999999999999432,0.0,0.0
19:16:14,0.0,0.0,0.0
19:16:16,0.0,0.0,0.0
19:16:18,0.0,0.0,0.0
19:16:20,0.0,0.0,0.0
19:16:22,0.0,0.0,0.0
19:16:24,0.0,0.0,0.0
19:16:26,0.0,0.0,0.0
19:16:28,0.09999999999999432,0.0,0.1
19:16:30,0.0,0.0,0.0
19:16:32,0.0,0.0,0.0
19:16:34,0.0,0.0,0.0
19:16:36,0.0,0.0,0.0
19:16:38,0.09999999999999432,0.1,0.0
19:16:40,0.0,0.0,0.0
19:16:42,0.0,0.0,0.0
19:16:44,0.09999999999999432,0.0,0.1
19:16:46,0.0,0.0,0.0
19:16:48,0.0,0.0,0.0
19:16:50,0.0,0.0,0.0
19:16:52,0.0,0.0,0.0
19:16:54,0.0,0.0,0.0
19:16:56,0.0,0.0,0.0
19:16:58,0.0,0.0,0.0
19:17:00,0.20000000000000284,0.1,0.1
19:17:02,0.09999999999999432,0.1,0.1
19:17:04,0.0,0.0,0.0
19:17:06,0.09999999999999432,0.0,0.0
19:17:08,0.0,0.0,0.0
19:17:10,0.0,0.0,0.0
19:17:12,0.0,0.0,0.0
19:17:14,0.0,0.0,0.0
19:17:16,0.09999999999999432,0.1,0.0
19:17:19,0.0,0.0,0.0
19:17:21,0.0,0.0,0.0
19:17:23,0.0,0.0,0.0
19:17:25,0.0,0.0,0.0
19:17:27,0.0,0.0,0.0
19:17:29,0.0,0.0,0.0
19:17:31,0.0,0.0,0.0
19:17:33,0.0,0.0,0.0
19:17:35,0.0,0.0,0.0
19:17:37,0.0,0.0,0.0
19:17:39,0.0,0.0,0.0
19:17:41,0.0,0.0,0.0
19:17:43,0.09999999999999432,0.0,0.1
19:17:45,0.0,0.0,0.0
19:17:47,0.09999999999999432,0.1,0.0
19:17:49,0.0,0.0,0.0
19:17:51,0.09999999999999432,0.0,0.0
19:17:53,0.0,0.0,0.0
19:17:55,0.0,0.0,0.0
19:17:57,0.0,0.0,0.0
19:17:59,0.0,0.0,0.0
19:18:01,0.4000000000000057,0.1,0.3
19:18:03,0.0,0.0,0.0
19:18:05,0.0,0.0,0.0
19:18:07,0.09999999999999432,0.0,0.1
19:18:09,0.0,0.0,0.0
19:18:11,0.0,0.0,0.0
19:18:13,0.09999999999999432,0.1,0.0
19:18:15,0.0,0.0,0.0
19:18:17,0.0,0.0,0.0
19:18:19,0.09999999999999432,0.0,0.0
19:18:21,0.0,0.0,0.0
19:18:23,0.0,0.0,0.0
19:18:25,0.0,0.0,0.0
19:18:27,0.0,0.0,0.0
19:18:29,0.0,0.0,0.0
19:18:31,0.0,0.0,0.0
19:18:33,0.0,0.0,0.0
19:18:35,0.0,0.0,0.0
19:18:37,0.29999999999999716,0.0,0.0
19:18:39,0.0,0.0,0.0
19:18:41,0.0,0.0,0.0
19:18:43,0.0,0.0,0.0
19:18:45,0.0,0.0,0.0
19:18:47,0.0,0.0,0.0
19:18:49,0.0,0.0,0.0
19:18:51,0.0,0.0,0.0
19:18:53,0.0,0.0,0.0
19:18:55,0.09999999999999432,0.0,0.1
19:18:57,0.0,0.0,0.0
19:18:59,0.09999999999999432,0.0,0.0
19:19:01,0.5,0.1,0.4
19:19:03,0.09999999999999432,0.0,0.1
19:19:05,0.0,0.0,0.0
19:19:07,0.0,0.0,0.0
19:19:09,0.0,0.0,0.0
19:19:11,0.09999999999999432,0.1,0.0
19:19:13,0.0,0.0,0.0
19:19:15,0.0,0.0,0.0
19:19:17,0.0,0.0,0.0
19:19:19,0.0,0.0,0.0
19:19:21,0.0,0.0,0.0
19:19:24,0.0,0.0,0.0
19:19:26,0.0,0.0,0.0
19:19:28,0.09999999999999432,0.0,0.1
19:19:30,0.0,0.0,0.0
19:19:32,0.0,0.0,0.0
19:19:34,0.0,0.0,0.0
19:19:36,0.09999999999999432,0.0,0.0
19:19:38,0.09999999999999432,0.1,0.0
19:19:40,0.0,0.0,0.0
19:19:42,0.0,0.0,0.0
19:19:44,0.0,0.0,0.0
19:19:46,0.09999999999999432,0.0,0.1
19:19:48,0.0,0.0,0.0
19:19:50,0.0,0.0,0.0
19:19:52,0.09999999999999432,0.1,0.0
19:19:54,0.09999999999999432,0.1,0.0
19:19:56,0.0,0.0,0.0
19:19:58,0.0,0.0,0.0
19:20:00,0.29999999999999716,0.0,0.3
19:20:02,0.0,0.0,0.0
19:20:04,0.0,0.0,0.0
19:20:06,0.0,0.0,0.0
19:20:08,0.0,0.0,0.0
19:20:10,0.09999999999999432,0.0,0.1
19:20:12,0.0,0.0,0.0
19:20:14,0.09999999999999432,0.1,0.0
19:20:16,0.0,0.0,0.0
19:20:18,0.0,0.0,0.0
19:20:20,0.0,0.0,0.0
19:20:22,0.0,0.0,0.0
19:20:24,0.0,0.0,0.0
19:20:26,0.0,0.0,0.0
19:20:28,0.0,0.0,0.0
19:20:30,0.0,0.0,0.0
19:20:32,0.0,0.0,0.0
19:20:34,0.0,0.0,0.0
19:20:36,0.0,0.0,0.0
19:20:38,0.0,0.0,0.0
19:20:40,0.0,0.0,0.0
19:20:42,0.09999999999999432,0.1,0.0
19:20:44,0.0,0.0,0.0
19:20:46,0.0,0.0,0.0
19:20:48,0.0,0.0,0.0
19:20:50,0.0,0.0,0.0
19:20:52,0.09999999999999432,0.1,0.0
19:20:55,0.0,0.0,0.0
19:20:57,0.0,0.0,0.0
19:20:59,0.0,0.0,0.0
19:21:01,0.4000000000000057,0.1,0.3
19:21:03,0.0,0.0,0.0
19:21:05,0.0,0.0,0.0
19:21:07,0.0,0.0,0.0
19:21:09,0.0,0.0,0.0
19:21:11,0.0,0.0,0.0
19:21:13,0.09999999999999432,0.0,0.1
19:21:15,0.0,0.0,0.0
19:21:17,0.0,0.0,0.0
19:21:19,0.0,0.0,0.0
19:21:21,0.0,0.0,0.0
19:21:23,0.09999999999999432,0.1,0.0
19:21:25,0.0,0.0,0.0
19:21:27,0.0,0.0,0.0
19:21:29,0.0,0.0,0.0
19:21:31,0.0,0.0,0.0
19:21:33,0.0,0.0,0.0
19:21:35,0.0,0.0,0.0
19:21:37,0.0,0.0,0.0
19:21:39,0.0,0.0,0.0
19:21:41,0.09999999999999432,0.0,0.1
19:21:43,0.0,0.0,0.0
19:21:45,0.09999999999999432,0.1,0.0
19:21:47,0.0,0.0,0.0
19:21:49,0.4000000000000057,0.0,0.0
19:21:51,0.0,0.0,0.0
19:21:53,0.0,0.0,0.0
19:21:55,0.0,0.0,0.0
19:21:57,0.0,0.0,0.0
19:21:59,0.0,0.0,0.0
19:22:01,0.4000000000000057,0.1,0.2
19:22:03,0.0,0.0,0.0
19:22:05,0.0,0.0,0.0
19:22:07,0.0,0.0,0.0
19:22:09,0.0,0.0,0.0
19:22:11,0.0,0.0,0.0
19:22:13,0.0,0.0,0.0
19:22:15,0.0,0.0,0.0
19:22:17,0.09999999999999432,0.0,0.0
19:22:19,0.0,0.0,0.0
19:22:21,0.09999999999999432,0.1,0.0
19:22:23,0.0,0.0,0.0
19:22:25,0.0,0.0,0.0
19:22:27,0.0,0.0,0.0
19:22:29,0.09999999999999432,0.0,0.1
19:22:31,0.0,0.0,0.0
19:22:33,0.09999999999999432,0.0,0.1
19:22:35,0.0,0.0,0.0
19:22:37,0.0,0.0,0.0
19:22:39,0.09999999999999432,0.0,0.1
19:22:41,0.0,0.0,0.0
19:22:43,0.0,0.0,0.0
19:22:45,0.09999999999999432,0.0,0.0
19:22:47,0.0,0.0,0.0
19:22:49,0.0,0.0,0.0
19:22:51,0.0,0.0,0.0
19:22:53,0.0,0.0,0.0
19:22:55,0.0,0.0,0.0
19:22:57,0.0,0.0,0.0
19:22:59,0.0,0.0,0.0
19:23:01,0.4000000000000057,0.1,0.4
19:23:03,0.0,0.0,0.0
19:23:05,0.0,0.0,0.0
19:23:07,0.0,0.0,0.0
19:23:10,0.0,0.0,0.0
19:23:12,0.0,0.0,0.0
19:23:14,0.0,0.0,0.0
19:23:16,0.0,0.0,0.0
19:23:18,0.09999999999999432,0.0,0.0
19:23:20,0.09999999999999432,0.0,0.1
19:23:22,0.09999999999999432,0.1,0.0
19:23:24,0.0,0.0,0.0
19:23:26,0.0,0.0,0.0
19:23:28,0.09999999999999432,0.0,0.1
19:23:30,0.0,0.0,0.0
19:23:32,0.0,0.0,0.0
19:23:34,0.0,0.0,0.0
19:23:36,0.0,0.0,0.0
19:23:38,0.0,0.0,0.0
19:23:40,0.0,0.0,0.0
19:23:42,0.4000000000000057,0.1,0.2
19:23:44,0.0,0.0,0.0
19:23:46,0.0,0.0,0.0
19:23:48,0.09999999999999432,0.0,0.0
19:23:50,0.0,0.0,0.0
19:23:52,0.0,0.0,0.0
19:23:54,0.0,0.0,0.0
19:23:56,0.0,0.0,0.0
19:23:58,0.0,0.0,0.0
19:24:00,0.5,0.1,0.4
19:24:02,0.0,0.0,0.0
19:24:04,0.09999999999999432,0.0,0.1
19:24:06,0.0,0.0,0.0
19:24:08,0.09999999999999432,0.1,0.0
19:24:10,0.0,0.0,0.0
19:24:12,0.0,0.0,0.0
19:24:14,0.0,0.0,0.0
19:24:16,0.0,0.0,0.0
19:24:18,0.0,0.0,0.0
19:24:20,0.0,0.0,0.0
19:24:22,0.0,0.0,0.0
19:24:24,0.0,0.0,0.0
19:24:26,0.09999999999999432,0.0,0.1
19:24:28,0.0,0.0,0.0
19:24:30,0.0,0.0,0.0
19:24:32,0.0,0.0,0.0
19:24:34,0.09999999999999432,0.0,0.1
19:24:36,0.09999999999999432,0.0,0.0
19:24:38,0.09999999999999432,0.1,0.0
19:24:40,0.0,0.0,0.0
19:24:42,0.0,0.0,0.0
19:24:44,0.0,0.0,0.0
19:24:46,0.0,0.0,0.0
19:24:48,0.0,0.0,0.0
19:24:50,0.09999999999999432,0.0,0.1
19:24:52,0.0,0.0,0.0
19:24:54,0.0,0.0,0.0
19:24:56,0.0,0.0,0.0
19:24:58,0.0,0.0,0.0
19:25:00,0.4000000000000057,0.1,0.2
19:25:02,0.0,0.0,0.0
19:25:04,0.0,0.0,0.0
19:25:06,0.0,0.0,0.0
19:25:08,0.0,0.0,0.0
19:25:10,0.09999999999999432,0.1,0.0
19:25:12,0.09999999999999432,0.0,0.0
19:25:15,0.0,0.0,0.0
19:25:17,0.0,0.0,0.0
19:25:19,0.0,0.0,0.0
19:25:21,0.0,0.0,0.0
19:25:23,0.0,0.0,0.0
19:25:25,0.09999999999999432,0.1,0.0
19:25:27,0.0,0.0,0.0
19:25:29,0.0,0.0,0.0
19:25:31,0.0,0.0,0.0
19:25:33,0.29999999999999716,0.0,0.0
19:25:35,0.0,0.0,0.0
19:25:37,0.0,0.0,0.0
19:25:39,0.0,0.0,0.0
19:25:41,0.0,0.0,0.0
19:25:43,0.09999999999999432,0.1,0.0
19:25:45,0.0,0.0,0.0
19:25:47,0.0,0.0,0.0
19:25:49,0.0,0.0,0.0
19:25:51,0.0,0.0,0.0
19:25:53,0.0,0.0,0.0
19:25:55,0.0,0.0,0.0
19:25:57,0.0,0.0,0.0
19:25:59,0.09999999999999432,0.1,0.0
19:26:01,0.29999999999999716,0.0,0.3
19:26:03,0.0,0.0,0.0
19:26:05,0.09999999999999432,0.0,0.0
19:26:07,0.0,0.0,0.0
19:26:09,0.0,0.0,0.0
19:26:11,0.0,0.0,0.0
19:26:13,0.0,0.0,0.0
19:26:15,0.0,0.0,0.0
19:26:17,0.0,0.0,0.0
19:26:19,0.0,0.0,0.0
19:26:21,0.0,0.0,0.0
19:26:23,0.0,0.0,0.0
19:26:25,0.09999999999999432,0.1,0.0
19:26:27,0.0,0.0,0.0
19:26:29,0.29999999999999716,0.0,0.0
19:26:31,0.0,0.0,0.0
19:26:33,0.09999999999999432,0.1,0.0
19:26:35,0.0,0.0,0.0
19:26:37,0.0,0.0,0.0
19:26:39,0.0,0.0,0.0
19:26:41,0.0,0.0,0.0
19:26:43,0.0,0.0,0.0
19:26:45,0.09999999999999432,0.0,0.1
19:26:47,0.0,0.0,0.0
19:26:50,0.0,0.0,0.0
19:26:52,0.0,0.0,0.0
19:26:54,0.09999999999999432,0.1,0.0
19:26:56,0.0,0.0,0.0
19:26:58,0.09999999999999432,0.0,0.1
19:27:00,0.0,0.0,0.0
19:27:02,0.4000000000000057,0.1,0.2
19:27:04,0.0,0.0,0.0
19:27:06,0.09999999999999432,0.1,0.0
19:27:08,0.09999999999999432,0.0,0.1
19:27:10,0.0,0.0,0.0
19:27:12,0.0,0.0,0.0
19:27:14,0.0,0.0,0.0
19:27:16,0.0,0.0,0.0
19:27:18,0.0,0.0,0.0
19:27:20,0.0,0.0,0.0
19:27:22,0.0,0.0,0.0
19:27:24,0.09999999999999432,0.0,0.0
19:27:26,0.0,0.0,0.0
19:27:28,0.0,0.0,0.0
19:27:30,0.0,0.0,0.0
19:27:32,0.0,0.0,0.0
19:27:34,0.0,0.0,0.0
19:27:36,0.0,0.0,0.0
19:27:38,0.0,0.0,0.0
19:27:40,0.0,0.0,0.0
19:27:42,0.09999999999999432,0.0,0.1
19:27:44,0.0,0.0,0.0
19:27:46,0.0,0.0,0.0
19:27:48,0.0,0.0,0.0
19:27:50,0.0,0.0,0.0
19:27:52,0.0,0.0,0.0
19:27:54,0.0,0.0,0.0
19:27:56,0.09999999999999432,0.1,0.0
19:27:58,0.09999999999999432,0.0,0.1
19:28:00,0.29999999999999716,0.1,0.2
19:28:02,0.0,0.0,0.0
19:28:04,0.09999999999999432,0.1,0.1
19:28:06,0.0,0.0,0.0
19:28:08,0.0,0.0,0.0
19:28:10,0.0,0.0,0.0
19:28:12,0.0,0.0,0.0
19:28:14,0.0,0.0,0.0
19:28:16,0.0,0.0,0.0
19:28:18,0.09999999999999432,0.1,0.0
19:28:20,0.0,0.0,0.0
19:28:22,0.0,0.0,0.0
19:28:24,0.0,0.0,0.0
19:28:26,0.0,0.0,0.0
19:28:28,0.0,0.0,0.0
19:28:30,0.0,0.0,0.0
19:28:32,0.0,0.0,0.0
19:28:34,0.0,0.0,0.0
19:28:36,0.0,0.0,0.0
19:28:38,0.0,0.0,0.0
19:28:40,0.0,0.0,0.0
19:28:42,0.0,0.0,0.0
19:28:44,0.0,0.0,0.0
19:28:46,0.0,0.0,0.0
19:28:48,0.0,0.0,0.0
19:28:51,0.0,0.0,0.0
19:28:53,0.0,0.0,0.0
19:28:55,0.0,0.0,0.0
19:28:57,0.09999999999999432,0.0,0.0
19:28:59,0.0,0.0,0.0
19:29:01,0.20000000000000284,0.1,0.2
19:29:03,0.0,0.0,0.0
19:29:05,0.0,0.0,0.0
19:29:07,0.09999999999999432,0.1,0.0
19:29:09,0.0,0.0,0.0
19:29:11,0.0,0.0,0.0
19:29:13,0.0,0.0,0.0
19:29:15,0.0,0.0,0.0
19:29:17,0.09999999999999432,0.0,0.1
19:29:19,0.0,0.0,0.0
19:29:21,0.0,0.0,0.0
19:29:23,0.0,0.0,0.0
19:29:25,0.0,0.0,0.0
19:29:27,0.0,0.0,0.0
19:29:29,0.0,0.0,0.0
19:29:31,0.0,0.0,0.0
19:29:33,0.0,0.0,0.0
19:29:35,0.0,0.0,0.0
19:29:37,0.0,0.0,0.0
19:29:39,0.0,0.0,0.0
19:29:41,0.09999999999999432,0.0,0.1
19:29:43,0.0,0.0,0.0
19:29:45,0.0,0.0,0.0
19:29:47,0.0,0.0,0.0
19:29:49,0.0,0.0,0.0
19:29:51,0.09999999999999432,0.1,0.0
19:29:53,0.09999999999999432,0.0,0.0
19:29:55,0.09999999999999432,0.0,0.1
19:29:57,0.0,0.0,0.0
19:29:59,0.0,0.0,0.0
19:30:01,0.09999999999999432,0.1,0.0
19:30:03,0.0,0.0,0.0
19:30:05,0.0,0.0,0.0
19:30:07,0.0,0.0,0.0
19:30:09,0.0,0.0,0.0
19:30:11,0.0,0.0,0.0
19:30:13,0.0,0.0,0.0
19:30:15,0.0,0.0,0.0
19:30:17,0.0,0.0,0.0
19:30:19,0.0,0.0,0.0
19:30:21,0.0,0.0,0.0
19:30:23,0.09999999999999432,0.0,0.1
19:30:25,0.0,0.0,0.0
19:30:27,0.0,0.0,0.0
19:30:29,0.09999999999999432,0.1,0.0
19:30:31,0.0,0.0,0.0
19:30:33,0.09999999999999432,0.0,0.0
19:30:35,0.09999999999999432,0.0,0.1
19:30:37,0.0,0.0,0.0
19:30:39,0.0,0.0,0.0
19:30:41,0.0,0.0,0.0
19:30:43,0.0,0.0,0.0
19:30:45,0.0,0.0,0.0
19:30:47,0.0,0.0,0.0
19:30:49,0.0,0.0,0.0
19:30:51,0.0,0.0,0.0
19:30:53,0.0,0.0,0.0
19:30:55,0.0,0.0,0.0
19:30:57,0.09999999999999432,0.0,0.1
19:30:59,0.0,0.0,0.0
19:31:01,0.20000000000000284,0.1,0.2
19:31:03,0.09999999999999432,0.0,0.1
19:31:05,0.0,0.0,0.0
19:31:07,0.0,0.0,0.0
19:31:09,0.09999999999999432,0.0,0.0
19:31:11,0.0,0.0,0.0
19:31:13,0.0,0.0,0.0
19:31:16,0.0,0.0,0.0
19:31:18,0.09999999999999432,0.0,0.1
19:31:20,0.0,0.0,0.0
19:31:22,0.0,0.0,0.0
19:31:24,0.0,0.0,0.0
19:31:26,0.0,0.0,0.0
19:31:28,0.0,0.0,0.0
19:31:30,0.09999999999999432,0.0,0.1
19:31:32,0.0,0.0,0.0
19:31:34,0.0,0.0,0.0
19:31:36,0.0,0.0,0.0
19:31:38,0.0,0.0,0.0
19:31:40,0.0,0.0,0.0
19:31:42,0.0,0.0,0.0
19:31:44,0.0,0.0,0.0
19:31:46,0.09999999999999432,0.0,0.1
19:31:48,0.0,0.0,0.0
19:31:50,0.0,0.0,0.0
19:31:52,0.0,0.0,0.0
19:31:54,0.09999999999999432,0.1,0.0
19:31:56,0.0,0.0,0.0
19:31:58,0.0,0.0,0.0
19:32:00,0.4000000000000057,0.1,0.3
19:32:02,0.09999999999999432,0.1,0.0
19:32:04,0.0,0.0,0.0
19:32:06,0.09999999999999432,0.0,0.0
19:32:08,0.0,0.0,0.0
19:32:10,0.0,0.0,0.0
19:32:12,0.09999999999999432,0.0,0.1
19:32:14,0.0,0.0,0.0
19:32:16,0.0,0.0,0.0
19:32:18,0.0,0.0,0.0
19:32:20,0.0,0.0,0.0
19:32:22,0.0,0.0,0.0
19:32:24,0.09999999999999432,0.1,0.0
19:32:26,0.0,0.0,0.0
19:32:28,0.09999999999999432,0.0,0.1
19:32:30,0.0,0.0,0.0
19:32:32,0.0,0.0,0.0
19:32:34,0.0,0.0,0.0
19:32:36,0.0,0.0,0.0
19:32:38,0.09999999999999432,0.0,0.1
19:32:40,0.0,0.0,0.0
19:32:42,0.0,0.0,0.0
19:32:44,0.0,0.0,0.0
19:32:46,0.0,0.0,0.0
19:32:48,0.09999999999999432,0.1,0.0
19:32:50,0.0,0.0,0.0
19:32:52,0.0,0.0,0.0
19:32:54,0.09999999999999432,0.0,0.1
19:32:56,0.0,0.0,0.0
19:32:58,0.09999999999999432,0.1,0.0
19:33:00,0.29999999999999716,0.1,0.2
19:33:02,0.0,0.0,0.0
19:33:04,0.0,0.0,0.0
19:33:06,0.0,0.0,0.0
19:33:08,0.0,0.0,0.0
19:33:10,0.0,0.0,0.0
19:33:12,0.0,0.0,0.0
19:33:14,0.0,0.0,0.0
19:33:16,0.0,0.0,0.0
19:33:18,0.0,0.0,0.0
19:33:20,0.0,0.0,0.0
19:33:22,0.0,0.0,0.0
19:33:24,0.0,0.0,0.0
19:33:27,0.0,0.0,0.0
19:33:29,0.0,0.0,0.0
19:33:31,0.0,0.0,0.0
19:33:33,0.0,0.0,0.0
19:33:35,0.09999999999999432,0.1,0.0
19:33:37,0.09999999999999432,0.0,0.0
19:33:39,0.09999999999999432,0.1,0.0
19:33:41,0.0,0.0,0.0
19:33:43,0.09999999999999432,0.0,0.0
19:33:45,0.0,0.0,0.0
19:33:47,0.0,0.0,0.0
19:33:49,0.09999999999999432,0.0,0.0
19:33:51,0.0,0.0,0.0
19:33:53,0.0,0.0,0.0
19:33:55,0.0,0.0,0.0
19:33:57,0.0,0.0,0.0
19:33:59,0.0,0.0,0.0
19:34:01,0.5,0.1,0.4
19:34:03,0.0,0.0,0.0
19:34:05,0.0,0.0,0.0
19:34:07,0.0,0.0,0.0
19:34:09,0.0,0.0,0.0
19:34:11,0.0,0.0,0.0
19:34:13,0.0,0.0,0.0
19:34:15,0.0,0.0,0.0
19:34:17,0.0,0.0,0.0
19:34:19,0.0,0.0,0.0
19:34:21,0.09999999999999432,0.1,0.0
19:34:23,0.0,0.0,0.0
19:34:25,0.0,0.0,0.0
19:34:27,0.09999999999999432,0.0,0.1
19:34:29,0.0,0.0,0.0
19:34:31,0.0,0.0,0.0
19:34:33,0.29999999999999716,0.0,0.0
19:34:35,0.0,0.0,0.0
19:34:37,0.09999999999999432,0.0,0.1
19:34:39,0.0,0.0,0.0
19:34:41,0.0,0.0,0.0
19:34:43,0.0,0.0,0.0
19:34:45,0.0,0.0,0.0
19:34:47,0.0,0.0,0.0
19:34:49,0.0,0.0,0.0
19:34:51,0.0,0.0,0.0
19:34:53,0.0,0.0,0.0
19:34:55,0.09999999999999432,0.0,0.0
19:34:57,0.09999999999999432,0.0,0.1
19:34:59,0.0,0.0,0.0
19:35:01,0.5999999999999943,0.1,0.4
19:35:03,0.0,0.0,0.0
19:35:05,0.0,0.0,0.0
19:35:07,0.09999999999999432,0.0,0.1
19:35:09,0.0,0.0,0.0
19:35:11,0.0,0.0,0.0
19:35:13,0.0,0.0,0.0
19:35:15,0.09999999999999432,0.1,0.0
19:35:17,0.0,0.0,0.0
19:35:19,0.0,0.0,0.0
19:35:21,0.0,0.0,0.0
19:35:23,0.0,0.0,0.0
19:35:26,0.0,0.0,0.0
19:35:28,0.0,0.0,0.0
19:35:30,0.09999999999999432,0.0,0.0
19:35:32,0.0,0.0,0.0
19:35:34,0.0,0.0,0.0
19:35:36,0.09999999999999432,0.0,0.1
19:35:38,0.0,0.0,0.0
19:35:40,0.0,0.0,0.0
19:35:42,0.0,0.0,0.0
19:35:44,0.0,0.0,0.0
19:35:46,0.0,0.0,0.0
19:35:48,0.09999999999999432,0.1,0.0
19:35:50,0.0,0.0,0.0
19:35:52,0.09999999999999432,0.1,0.0
19:35:54,0.0,0.0,0.0
19:35:56,0.0,0.0,0.0
19:35:58,0.0,0.0,0.0
19:36:00,0.5,0.1,0.4
19:36:02,0.0,0.0,0.0
19:36:04,0.0,0.0,0.0
19:36:06,0.0,0.0,0.0
19:36:08,0.0,0.0,0.0
19:36:10,0.0,0.0,0.0
19:36:12,0.0,0.0,0.0
19:36:14,0.0,0.0,0.0
19:36:16,0.0,0.0,0.0
19:36:18,0.09999999999999432,0.0,0.1
19:36:20,0.0,0.0,0.0
19:36:22,0.0,0.0,0.0
19:36:24,0.09999999999999432,0.1,0.0
19:36:26,0.09999999999999432,0.0,0.0
19:36:28,0.0,0.0,0.0
19:36:30,0.0,0.0,0.0
19:36:32,0.0,0.0,0.0
19:36:34,0.09999999999999432,0.0,0.1
19:36:36,0.0,0.0,0.0
19:36:38,0.0,0.0,0.0
19:36:40,0.0,0.0,0.0
19:36:42,0.09999999999999432,0.0,0.1
19:36:44,0.0,0.0,0.0
19:36:46,0.0,0.0,0.0
19:36:48,0.09999999999999432,0.0,0.0
19:36:50,0.0,0.0,0.0
19:36:52,0.0,0.0,0.0
19:36:54,0.09999999999999432,0.0,0.1
19:36:56,0.0,0.0,0.0
19:36:58,0.0,0.0,0.0
19:37:00,0.4000000000000057,0.1,0.3
19:37:02,0.09999999999999432,0.1,0.0
19:37:04,0.0,0.0,0.0
19:37:06,0.0,0.0,0.0
19:37:08,0.0,0.0,0.0
19:37:10,0.0,0.0,0.0
19:37:12,0.0,0.0,0.0
19:37:14,0.0,0.0,0.0
19:37:17,0.0,0.0,0.0
19:37:19,0.0,0.0,0.0
19:37:21,0.09999999999999432,0.0,0.0
19:37:23,0.09999999999999432,0.1,0.0
19:37:25,0.0,0.0,0.0
19:37:27,0.0,0.0,0.0
19:37:29,0.0,0.0,0.0
19:37:31,0.0,0.0,0.0
19:37:33,0.0,0.0,0.0
19:37:35,0.0,0.0,0.0
19:37:37,0.0,0.0,0.0
19:37:39,0.09999999999999432,0.1,0.1
19:37:41,0.09999999999999432,0.0,0.1
19:37:43,0.09999999999999432,0.0,0.0
19:37:45,0.0,0.0,0.0
19:37:47,0.0,0.0,0.0
19:37:49,0.0,0.0,0.0
19:37:51,0.0,0.0,0.0
19:37:53,0.0,0.0,0.0
19:37:55,0.0,0.0,0.0
19:37:57,0.0,0.0,0.0
19:37:59,0.0,0.0,0.0
19:38:01,0.5999999999999943,0.1,0.4
19:38:03,0.0,0.0,0.0
19:38:05,0.0,0.0,0.0
19:38:07,0.0,0.0,0.0
19:38:09,0.0,0.0,0.0
19:38:11,0.0,0.0,0.0
19:38:13,0.0,0.0,0.0
19:38:15,0.0,0.0,0.0
19:38:17,0.0,0.0,0.0
19:38:19,0.0,0.0,0.0
19:38:21,0.09999999999999432,0.0,0.1
19:38:23,0.0,0.0,0.0
19:38:25,0.0,0.0,0.0
19:38:27,0.0,0.0,0.0
19:38:29,0.0,0.0,0.0
19:38:31,0.0,0.0,0.0
19:38:33,0.0,0.0,0.0
19:38:35,0.09999999999999432,0.1,0.0
19:38:37,0.0,0.0,0.0
19:38:39,0.09999999999999432,0.0,0.0
19:38:41,0.0,0.0,0.0
19:38:43,0.0,0.0,0.0
19:38:45,0.0,0.0,0.0
19:38:47,0.09999999999999432,0.1,0.0
19:38:49,0.0,0.0,0.0
19:38:51,0.0,0.0,0.0
19:38:53,0.09999999999999432,0.0,0.1
19:38:55,0.0,0.0,0.0
19:38:57,0.0,0.0,0.0
19:38:59,0.0,0.0,0.0
19:39:01,0.4000000000000057,0.1,0.4
19:39:03,0.0,0.0,0.0
19:39:05,0.0,0.0,0.0
19:39:07,0.09999999999999432,0.0,0.1
19:39:09,0.0,0.0,0.0
19:39:11,0.0,0.0,0.0
19:39:14,0.09999999999999432,0.0,0.0
19:39:16,0.0,0.0,0.0
19:39:18,0.0,0.0,0.0
19:39:20,0.09999999999999432,0.0,0.1
19:39:22,0.0,0.0,0.0
19:39:24,0.0,0.0,0.0
19:39:26,0.0,0.0,0.0
19:39:28,0.09999999999999432,0.0,0.1
19:39:30,0.09999999999999432,0.1,0.0
19:39:32,0.0,0.0,0.0
19:39:34,0.0,0.0,0.0
19:39:36,0.0,0.0,0.0
19:39:38,0.0,0.0,0.0
19:39:40,0.0,0.0,0.0
19:39:42,0.09999999999999432,0.1,0.0
19:39:44,0.0,0.0,0.0
19:39:46,0.0,0.0,0.0
19:39:48,0.09999999999999432,0.1,0.0
19:39:50,0.0,0.0,0.0
19:39:52,0.0,0.0,0.0
19:39:54,0.0,0.0,0.0
19:39:56,0.0,0.0,0.0
19:39:58,0.20000000000000284,0.0,0.2
19:40:00,0.5999999999999943,0.2,0.4
19:40:02,0.09999999999999432,0.0,0.1
19:40:04,0.09999999999999432,0.0,0.0
19:40:06,0.0,0.0,0.0
19:40:08,0.0,0.0,0.0
19:40:10,0.09999999999999432,0.0,0.0
19:40:12,0.0,0.0,0.0
19:40:14,0.0,0.0,0.0
19:40:16,0.09999999999999432,0.1,0.0
19:40:18,0.09999999999999432,0.0,0.0
19:40:20,0.0,0.0,0.0
19:40:22,0.0,0.0,0.0
19:40:24,0.09999999999999432,0.0,0.1
19:40:26,0.09999999999999432,0.1,0.0
19:40:28,0.0,0.0,0.0
19:40:30,0.0,0.0,0.0
19:40:32,0.0,0.0,0.0
19:40:34,0.0,0.0,0.0
19:40:36,0.0,0.0,0.0
19:40:38,0.0,0.0,0.0
19:40:40,0.0,0.0,0.0
19:40:42,0.0,0.0,0.0
19:40:44,0.0,0.0,0.0
19:40:46,0.09999999999999432,0.0,0.1
19:40:48,0.0,0.0,0.0
19:40:50,0.0,0.0,0.0
19:40:52,0.0,0.0,0.0
19:40:54,0.0,0.0,0.0
19:40:56,0.0,0.0,0.0
19:40:58,0.0,0.0,0.0
19:41:00,0.4000000000000057,0.1,0.3
19:41:03,0.0,0.0,0.0
19:41:05,0.0,0.0,0.0
19:41:07,0.0,0.0,0.0
19:41:09,0.09999999999999432,0.0,0.0
19:41:11,0.0,0.0,0.0
19:41:13,0.0,0.0,0.0
19:41:15,0.0,0.0,0.0
19:41:17,0.0,0.0,0.0
19:41:19,0.0,0.0,0.0
19:41:21,0.0,0.0,0.0
19:41:23,0.0,0.0,0.0
19:41:25,0.09999999999999432,0.1,0.0
19:41:27,0.09999999999999432,0.0,0.1
19:41:29,0.0,0.0,0.0
19:41:31,0.0,0.0,0.0
19:41:33,0.0,0.0,0.0
19:41:35,0.0,0.0,0.0
19:41:37,0.0,0.0,0.0
19:41:39,0.0,0.0,0.0
19:41:41,0.0,0.0,0.0
19:41:43,0.0,0.0,0.0
19:41:45,0.0,0.0,0.0
19:41:47,0.0,0.0,0.0
19:41:49,0.0,0.0,0.0
19:41:51,0.0,0.0,0.0
19:41:53,0.0,0.0,0.0
19:41:55,0.0,0.0,0.0
19:41:57,0.0,0.0,0.0
19:41:59,0.09999999999999432,0.0,0.0
19:42:01,0.4000000000000057,0.1,0.2
19:42:03,0.0,0.0,0.0
19:42:05,0.0,0.0,0.0
19:42:07,0.0,0.0,0.0
19:42:09,0.09999999999999432,0.1,0.0
19:42:11,0.0,0.0,0.0
19:42:13,0.0,0.0,0.0
19:42:15,0.0,0.0,0.0
19:42:17,0.0,0.0,0.0
19:42:19,0.0,0.0,0.0
19:42:21,0.09999999999999432,0.1,0.1
19:42:23,0.0,0.0,0.0
19:42:25,0.09999999999999432,0.0,0.0
19:42:27,0.0,0.0,0.0
19:42:29,0.0,0.0,0.0
19:42:31,0.0,0.0,0.0
19:42:33,0.0,0.0,0.0
19:42:35,0.0,0.0,0.0
19:42:38,0.0,0.0,0.0
19:42:40,0.0,0.0,0.0
19:42:42,0.09999999999999432,0.0,0.1
19:42:44,0.0,0.0,0.0
19:42:46,0.0,0.0,0.0
19:42:48,0.09999999999999432,0.1,0.0
19:42:50,0.0,0.0,0.0
19:42:52,0.0,0.0,0.0
19:42:54,0.0,0.0,0.0
19:42:56,0.0,0.0,0.0
19:42:58,0.09999999999999432,0.1,0.0
19:43:00,0.29999999999999716,0.1,0.2
19:43:02,0.09999999999999432,0.0,0.1
19:43:04,0.0,0.0,0.0
19:43:06,0.0,0.0,0.0
19:43:08,0.09999999999999432,0.0,0.1
19:43:10,0.0,0.0,0.0
19:43:12,0.0,0.0,0.0
19:43:14,0.0,0.0,0.0
19:43:16,0.0,0.0,0.0
19:43:18,0.0,0.0,0.0
19:43:20,0.0,0.0,0.0
19:43:22,0.4000000000000057,0.0,0.0
19:43:24,0.0,0.0,0.0
19:43:26,0.0,0.0,0.0
19:43:28,0.09999999999999432,0.1,0.0
19:43:30,0.0,0.0,0.0
19:43:32,0.09999999999999432,0.0,0.1
19:43:34,0.0,0.0,0.0
19:43:36,0.0,0.0,0.0
19:43:38,0.0,0.0,0.0
19:43:40,0.0,0.0,0.0
19:43:42,0.0,0.0,0.0
19:43:44,0.0,0.0,0.0
19:43:46,0.09999999999999432,0.0,0.1
19:43:48,0.0,0.0,0.0
19:43:50,0.0,0.0,0.0
19:43:52,0.0,0.0,0.0
19:43:54,0.29999999999999716,0.0,0.0
19:43:56,0.0,0.0,0.0
19:43:58,0.0,0.0,0.0
19:44:00,0.29999999999999716,0.1,0.2
19:44:02,0.0,0.0,0.0
19:44:04,0.0,0.0,0.0
19:44:06,0.09999999999999432,0.1,0.0
19:44:08,0.0,0.0,0.0
19:44:10,0.0,0.0,0.0
19:44:12,0.0,0.0,0.0
19:44:14,0.0,0.0,0.0
19:44:16,0.09999999999999432,0.0,0.0
19:44:18,0.0,0.0,0.0
19:44:20,0.0,0.0,0.0
19:44:22,0.0,0.0,0.0
19:44:24,0.0,0.0,0.0
19:44:26,0.0,0.0,0.0
19:44:28,0.0,0.0,0.0
19:44:30,0.09999999999999432,0.0,0.1
19:44:32,0.0,0.0,0.0
19:44:34,0.0,0.0,0.0
19:44:36,0.0,0.0,0.0
19:44:38,0.0,0.0,0.0
19:44:40,0.0,0.0,0.0
19:44:42,0.0,0.0,0.0
19:44:44,0.0,0.0,0.0
19:44:46,0.09999999999999432,0.0,0.1
19:44:48,0.0,0.0,0.0
19:44:50,0.0,0.0,0.0
19:44:52,0.0,0.0,0.0
19:44:54,0.0,0.0,0.0
19:44:56,0.0,0.0,0.0
19:44:58,0.0,0.0,0.0
19:45:00,0.20000000000000284,0.1,0.2
19:45:02,0.0,0.0,0.0
19:45:05,0.09999999999999432,0.1,0.1
19:45:07,0.0,0.0,0.0
19:45:09,0.0,0.0,0.0
19:45:11,0.0,0.0,0.0
19:45:13,0.4000000000000057,0.0,0.0
19:45:15,0.0,0.0,0.0
19:45:17,0.0,0.0,0.0
19:45:19,0.0,0.0,0.0
19:45:21,0.0,0.0,0.0
19:45:23,0.0,0.0,0.0
19:45:25,0.0,0.0,0.0
19:45:27,0.0,0.0,0.0
19:45:29,0.0,0.0,0.0
19:45:31,0.0,0.0,0.0
19:45:33,0.09999999999999432,0.1,0.0
19:45:35,0.0,0.0,0.0
19:45:37,0.0,0.0,0.0
19:45:39,0.0,0.0,0.0
19:45:41,0.0,0.0,0.0
19:45:43,0.4000000000000057,0.0,0.0
19:45:45,0.0,0.0,0.0
19:45:47,0.0,0.0,0.0
19:45:49,0.0,0.0,0.0
19:45:51,0.0,0.0,0.0
19:45:53,0.0,0.0,0.0
19:45:55,0.0,0.0,0.0
19:45:57,0.09999999999999432,0.0,0.1
19:45:59,0.0,0.0,0.0
19:46:01,0.4000000000000057,0.1,0.3
19:46:03,0.0,0.0,0.0
19:46:05,0.0,0.0,0.0
19:46:07,0.0,0.0,0.0
19:46:09,0.09999999999999432,0.0,0.0
19:46:11,0.0,0.0,0.0
19:46:13,0.0,0.0,0.0
19:46:15,0.0,0.0,0.0
19:46:17,0.09999999999999432,0.1,0.0
19:46:19,0.0,0.0,0.0
19:46:21,0.0,0.0,0.0
19:46:23,0.0,0.0,0.0
19:46:25,0.09999999999999432,0.0,0.1
19:46:27,0.0,0.0,0.0
19:46:29,0.0,0.0,0.0
19:46:31,0.0,0.0,0.0
19:46:33,0.0,0.0,0.0
19:46:35,0.0,0.0,0.0
19:46:37,0.0,0.0,0.0
19:46:39,0.0,0.0,0.0
19:46:41,0.09999999999999432,0.0,0.0
19:46:43,0.0,0.0,0.0
19:46:45,0.0,0.0,0.0
19:46:47,0.0,0.0,0.0
19:46:49,0.0,0.0,0.0
19:46:51,0.0,0.0,0.0
19:46:53,0.0,0.0,0.0
19:46:55,0.0,0.0,0.0
19:46:58,0.0,0.0,0.0
19:47:00,0.09999999999999432,0.1,0.1
19:47:02,0.09999999999999432,0.0,0.1
19:47:04,0.09999999999999432,0.1,0.0
19:47:06,0.0,0.0,0.0
19:47:08,0.0,0.0,0.0
19:47:10,0.09999999999999432,0.0,0.1
19:47:12,0.0,0.0,0.0
19:47:14,0.0,0.0,0.0
19:47:16,0.0,0.0,0.0
19:47:18,0.0,0.0,0.0
19:47:20,0.0,0.0,0.0
19:47:22,0.0,0.0,0.0
19:47:24,0.0,0.0,0.0
19:47:26,0.09999999999999432,0.1,0.0
19:47:28,0.0,0.0,0.0
19:47:30,0.0,0.0,0.0
19:47:32,0.09999999999999432,0.0,0.1
19:47:34,0.0,0.0,0.0
19:47:36,0.0,0.0,0.0
19:47:38,0.09999999999999432,0.0,0.0
19:47:40,0.0,0.0,0.0
19:47:42,0.09999999999999432,0.0,0.1
19:47:44,0.0,0.0,0.0
19:47:46,0.0,0.0,0.0
19:47:48,0.0,0.0,0.0
19:47:50,0.0,0.0,0.0
19:47:52,0.09999999999999432,0.0,0.1
19:47:54,0.09999999999999432,0.1,0.0
19:47:56,0.0,0.0,0.0
19:47:58,0.0,0.0,0.0
19:48:00,0.09999999999999432,0.0,0.1
19:48:02,0.09999999999999432,0.1,0.0
19:48:04,0.0,0.0,0.0
19:48:06,0.0,0.0,0.0
19:48:08,0.0,0.0,0.0
19:48:10,0.0,0.0,0.0
19:48:12,0.0,0.0,0.0
19:48:14,0.0,0.0,0.0
19:48:16,0.0,0.0,0.0
19:48:18,0.0,0.0,0.0
19:48:20,0.0,0.0,0.0
19:48:22,0.0,0.0,0.0
19:48:24,0.0,0.0,0.0
19:48:26,0.0,0.0,0.0
19:48:28,0.09999999999999432,0.0,0.1
19:48:30,0.0,0.0,0.0
19:48:32,0.09999999999999432,0.1,0.0
