Timestamp,Cpacidad disponible, Capacidad utilizada,% Memoria utilizada 
17:41:39,2650872,1387304,34.35472
17:41:44,2650748,1387428,34.357788
17:41:49,2650748,1387428,34.357788
17:41:54,2650748,1387428,34.357788
17:41:59,2650748,1387428,34.357788
17:42:04,2650376,1387800,34.367
17:42:09,2650376,1387800,34.367
17:42:14,2650376,1387800,34.367
17:42:19,2650376,1387800,34.367
17:42:24,2650376,1387800,34.367
17:42:29,2650376,1387800,34.367
17:42:34,2650376,1387800,34.367
17:42:39,2650376,1387800,34.367
17:42:44,2650376,1387800,34.367
17:42:49,2650376,1387800,34.367
17:42:54,2650376,1387800,34.367
17:42:59,2650376,1387800,34.367
17:43:04,2650376,1387800,34.367
17:43:09,2650376,1387800,34.367
17:43:14,2650376,1387800,34.367
17:43:19,2650376,1387800,34.367
17:43:24,2650376,1387800,34.367
17:43:29,2650376,1387800,34.367
17:43:34,2650376,1387800,34.367
17:43:39,2650376,1387800,34.367
17:43:44,2650376,1387800,34.367
17:43:49,2650376,1387800,34.367
17:43:54,2650376,1387800,34.367
17:43:59,2650376,1387800,34.367
17:44:04,2650004,1388172,34.376213
17:44:09,2650004,1388172,34.376213
17:44:14,2650004,1388172,34.376213
17:44:19,2650004,1388172,34.376213
17:44:24,2650004,1388172,34.376213
17:44:29,2650004,1388172,34.376213
17:44:34,2650004,1388172,34.376213
17:44:39,2650004,1388172,34.376213
17:44:44,2650004,1388172,34.376213
17:44:49,2650004,1388172,34.376213
17:44:54,2650004,1388172,34.376213
17:44:59,2650004,1388172,34.376213
17:45:04,2650128,1388048,34.373142
17:45:09,2650128,1388048,34.373142
17:45:14,2650128,1388048,34.373142
17:45:19,2650128,1388048,34.373142
17:45:24,2650128,1388048,34.373142
17:45:29,2650128,1388048,34.373142
17:45:34,2650128,1388048,34.373142
17:45:39,2650128,1388048,34.373142
17:45:44,2650128,1388048,34.373142
17:45:49,2650128,1388048,34.373142
17:45:54,2650128,1388048,34.373142
17:45:59,2650128,1388048,34.373142
17:46:04,2650376,1387800,34.367
17:46:09,2650376,1387800,34.367
17:46:14,2650376,1387800,34.367
17:46:19,2650376,1387800,34.367
17:46:24,2650252,1387924,34.37007
17:46:29,2650252,1387924,34.37007
17:46:34,2650252,1387924,34.37007
17:46:39,2650252,1387924,34.37007
17:46:44,2650252,1387924,34.37007
17:46:49,2650252,1387924,34.37007
17:46:54,2650252,1387924,34.37007
17:46:59,2650252,1387924,34.37007
17:47:04,2650376,1387800,34.367
17:47:09,2650500,1387676,34.36393
17:47:14,2650500,1387676,34.36393
17:47:19,2650500,1387676,34.36393
17:47:24,2650500,1387676,34.36393
17:47:30,2650500,1387676,34.36393
17:47:35,2650500,1387676,34.36393
17:47:40,2650500,1387676,34.36393
17:47:45,2650500,1387676,34.36393
17:47:50,2650500,1387676,34.36393
17:47:55,2650500,1387676,34.36393
17:48:00,2650500,1387676,34.36393
17:48:05,2650376,1387800,34.367
17:48:10,2650376,1387800,34.367
17:48:15,2650376,1387800,34.367
17:48:20,2650376,1387800,34.367
17:48:25,2650376,1387800,34.367
17:48:30,2650376,1387800,34.367
17:48:35,2650376,1387800,34.367
17:48:40,2650376,1387800,34.367
17:48:45,2650376,1387800,34.367
17:48:50,2650376,1387800,34.367
17:48:55,2650376,1387800,34.367
17:49:00,2650376,1387800,34.367
17:49:05,2650376,1387800,34.367
17:49:10,2650376,1387800,34.367
17:49:15,2650376,1387800,34.367
17:49:20,2650376,1387800,34.367
17:49:25,2650500,1387676,34.36393
17:49:30,2650500,1387676,34.36393
17:49:35,2650500,1387676,34.36393
17:49:40,2650500,1387676,34.36393
17:49:45,2650500,1387676,34.36393
17:49:50,2650500,1387676,34.36393
17:49:55,2650500,1387676,34.36393
17:50:00,2650500,1387676,34.36393
17:50:05,2650624,1387552,34.36086
17:50:10,2650624,1387552,34.36086
17:50:15,2650624,1387552,34.36086
17:50:20,2650624,1387552,34.36086
17:50:25,2650500,1387676,34.36393
17:50:30,2650500,1387676,34.36393
17:50:35,2650500,1387676,34.36393
17:50:40,2650500,1387676,34.36393
17:50:45,2650500,1387676,34.36393
17:50:50,2650500,1387676,34.36393
17:50:55,2650500,1387676,34.36393
17:51:00,2650500,1387676,34.36393
17:51:05,2650500,1387676,34.36393
17:51:10,2650500,1387676,34.36393
17:51:15,2650500,1387676,34.36393
17:51:20,2650500,1387676,34.36393
17:51:25,2650500,1387676,34.36393
17:51:30,2650500,1387676,34.36393
17:51:35,2650500,1387676,34.36393
17:51:40,2650500,1387676,34.36393
17:51:45,2650500,1387676,34.36393
17:51:50,2650500,1387676,34.36393
17:51:55,2650500,1387676,34.36393
17:52:00,2650688,1387488,34.359276
17:52:05,2650624,1387552,34.36086
17:52:10,2650624,1387552,34.36086
17:52:15,2650624,1387552,34.36086
17:52:20,2650624,1387552,34.36086
17:52:25,2650624,1387552,34.36086
17:52:30,2650624,1387552,34.36086
17:52:35,2650624,1387552,34.36086
17:52:40,2650624,1387552,34.36086
17:52:45,2650624,1387552,34.36086
17:52:50,2650624,1387552,34.36086
17:52:55,2650624,1387552,34.36086
17:53:00,2650580,1387596,34.36195
17:53:05,2650500,1387676,34.36393
17:53:10,2650500,1387676,34.36393
17:53:15,2650500,1387676,34.36393
17:53:20,2650500,1387676,34.36393
17:53:25,2650500,1387676,34.36393
17:53:30,2650624,1387552,34.36086
17:53:35,2650624,1387552,34.36086
17:53:40,2650624,1387552,34.36086
17:53:45,2650624,1387552,34.36086
17:53:50,2650624,1387552,34.36086
17:53:55,2650624,1387552,34.36086
17:54:00,2650800,1387376,34.356503
17:54:05,2650624,1387552,34.36086
17:54:10,2650624,1387552,34.36086
17:54:15,2650624,1387552,34.36086
17:54:20,2650624,1387552,34.36086
17:54:25,2650624,1387552,34.36086
17:54:30,2650500,1387676,34.36393
17:54:35,2650500,1387676,34.36393
17:54:40,2650500,1387676,34.36393
17:54:45,2650500,1387676,34.36393
17:54:50,2650500,1387676,34.36393
17:54:55,2650500,1387676,34.36393
17:55:00,2650500,1387676,34.36393
17:55:05,2650500,1387676,34.36393
17:55:10,2650500,1387676,34.36393
17:55:15,2650500,1387676,34.36393
17:55:20,2650500,1387676,34.36393
17:55:25,2650500,1387676,34.36393
17:55:30,2650500,1387676,34.36393
17:55:35,2650500,1387676,34.36393
17:55:40,2650500,1387676,34.36393
17:55:45,2650500,1387676,34.36393
17:55:50,2650500,1387676,34.36393
17:55:55,2650500,1387676,34.36393
17:56:00,2650500,1387676,34.36393
17:56:05,2650500,1387676,34.36393
17:56:10,2650500,1387676,34.36393
17:56:15,2650500,1387676,34.36393
17:56:20,2650500,1387676,34.36393
17:56:25,2650500,1387676,34.36393
17:56:30,2650500,1387676,34.36393
17:56:35,2650500,1387676,34.36393
17:56:40,2650500,1387676,34.36393
17:56:45,2650500,1387676,34.36393
17:56:50,2650500,1387676,34.36393
17:56:55,2650500,1387676,34.36393
17:57:00,2650876,1387300,34.354618
17:57:05,2650748,1387428,34.357788
17:57:10,2650748,1387428,34.357788
17:57:15,2650748,1387428,34.357788
17:57:20,2650748,1387428,34.357788
17:57:25,2650748,1387428,34.357788
17:57:30,2650748,1387428,34.357788
17:57:35,2650624,1387552,34.36086
17:57:40,2650624,1387552,34.36086
17:57:45,2650624,1387552,34.36086
17:57:50,2650624,1387552,34.36086
17:57:55,2650624,1387552,34.36086
17:58:00,2650624,1387552,34.36086
17:58:05,2650624,1387552,34.36086
17:58:10,2650624,1387552,34.36086
17:58:15,2650624,1387552,34.36086
17:58:20,2650624,1387552,34.36086
17:58:25,2650624,1387552,34.36086
17:58:30,2650624,1387552,34.36086
17:58:35,2650624,1387552,34.36086
17:58:40,2650624,1387552,34.36086
17:58:45,2650624,1387552,34.36086
17:58:50,2650624,1387552,34.36086
17:58:55,2650624,1387552,34.36086
17:59:00,2650624,1387552,34.36086
17:59:05,2650624,1387552,34.36086
17:59:10,2650624,1387552,34.36086
17:59:15,2650624,1387552,34.36086
17:59:20,2650624,1387552,34.36086
17:59:25,2650624,1387552,34.36086
17:59:30,2650748,1387428,34.357788
17:59:35,2650748,1387428,34.357788
17:59:40,2650748,1387428,34.357788
17:59:45,2650748,1387428,34.357788
17:59:50,2650748,1387428,34.357788
17:59:55,2650748,1387428,34.357788
18:00:00,2650748,1387428,34.357788
18:00:05,2650748,1387428,34.357788
18:00:10,2650748,1387428,34.357788
18:00:15,2650748,1387428,34.357788
18:00:20,2650748,1387428,34.357788
18:00:25,2650748,1387428,34.357788
18:00:30,2650748,1387428,34.357788
18:00:35,2650748,1387428,34.357788
18:00:40,2650748,1387428,34.357788
18:00:45,2650748,1387428,34.357788
18:00:50,2650748,1387428,34.357788
18:00:55,2650748,1387428,34.357788
18:01:00,2650748,1387428,34.357788
18:01:05,2650748,1387428,34.357788
18:01:10,2650748,1387428,34.357788
18:01:15,2650748,1387428,34.357788
18:01:20,2650748,1387428,34.357788
18:01:25,2650748,1387428,34.357788
18:01:30,2650748,1387428,34.357788
18:01:35,2650748,1387428,34.357788
18:01:40,2650748,1387428,34.357788
18:01:45,2650748,1387428,34.357788
18:01:50,2650748,1387428,34.357788
18:01:55,2650748,1387428,34.357788
18:02:00,2650748,1387428,34.357788
18:02:05,2650748,1387428,34.357788
18:02:10,2650748,1387428,34.357788
18:02:15,2650748,1387428,34.357788
18:02:20,2650748,1387428,34.357788
18:02:25,2650748,1387428,34.357788
18:02:30,2650748,1387428,34.357788
18:02:35,2650748,1387428,34.357788
18:02:40,2650748,1387428,34.357788
18:02:45,2650748,1387428,34.357788
18:02:50,2650748,1387428,34.357788
18:02:55,2650748,1387428,34.357788
18:03:00,2650748,1387428,34.357788
18:03:05,2650748,1387428,34.357788
18:03:10,2650748,1387428,34.357788
18:03:15,2650748,1387428,34.357788
18:03:20,2650748,1387428,34.357788
18:03:25,2650748,1387428,34.357788
18:03:30,2650748,1387428,34.357788
18:03:35,2650748,1387428,34.357788
18:03:40,2650748,1387428,34.357788
18:03:45,2650748,1387428,34.357788
18:03:50,2650748,1387428,34.357788
18:03:55,2650748,1387428,34.357788
18:04:00,2650748,1387428,34.357788
18:04:05,2650748,1387428,34.357788
18:04:10,2650748,1387428,34.357788
18:04:15,2650748,1387428,34.357788
18:04:20,2650748,1387428,34.357788
18:04:25,2650748,1387428,34.357788
18:04:30,2650748,1387428,34.357788
18:04:35,2650748,1387428,34.357788
18:04:40,2650748,1387428,34.357788
18:04:45,2650748,1387428,34.357788
18:04:50,2650748,1387428,34.357788
18:04:55,2650748,1387428,34.357788
18:05:00,2650996,1387180,34.351646
18:05:05,2650996,1387180,34.351646
18:05:10,2650996,1387180,34.351646
18:05:15,2650996,1387180,34.351646
18:05:20,2650996,1387180,34.351646
18:05:25,2650996,1387180,34.351646
18:05:30,2650996,1387180,34.351646
18:05:35,2650996,1387180,34.351646
18:05:40,2650996,1387180,34.351646
18:05:45,2650996,1387180,34.351646
18:05:50,2650996,1387180,34.351646
18:05:55,2650996,1387180,34.351646
18:06:01,2651172,1387004,34.34729
18:06:06,2650996,1387180,34.351646
18:06:11,2650996,1387180,34.351646
18:06:16,2650996,1387180,34.351646
18:06:21,2650996,1387180,34.351646
18:06:26,2650996,1387180,34.351646
18:06:31,2650996,1387180,34.351646
18:06:36,2650996,1387180,34.351646
18:06:41,2650996,1387180,34.351646
18:06:46,2650996,1387180,34.351646
18:06:51,2650996,1387180,34.351646
18:06:56,2650996,1387180,34.351646
18:07:01,2651048,1387128,34.35036
18:07:06,2650872,1387304,34.35472
18:07:11,2650872,1387304,34.35472
18:07:16,2650872,1387304,34.35472
18:07:21,2650872,1387304,34.35472
18:07:26,2650872,1387304,34.35472
18:07:31,2650872,1387304,34.35472
18:07:36,2650872,1387304,34.35472
18:07:41,2650872,1387304,34.35472
18:07:46,2650872,1387304,34.35472
18:07:51,2650872,1387304,34.35472
18:07:56,2650872,1387304,34.35472
18:08:01,2651060,1387116,34.350063
18:08:06,2650996,1387180,34.351646
18:08:11,2650996,1387180,34.351646
18:08:16,2650996,1387180,34.351646
18:08:21,2650996,1387180,34.351646
18:08:26,2650996,1387180,34.351646
18:08:31,2650872,1387304,34.35472
18:08:36,2650872,1387304,34.35472
18:08:41,2650872,1387304,34.35472
18:08:46,2650872,1387304,34.35472
18:08:51,2650872,1387304,34.35472
18:08:56,2650872,1387304,34.35472
18:09:01,2650828,1387348,34.35581
18:09:06,2650748,1387428,34.357788
18:09:11,2650748,1387428,34.357788
18:09:16,2650748,1387428,34.357788
18:09:21,2650748,1387428,34.357788
18:09:26,2650748,1387428,34.357788
18:09:31,2650748,1387428,34.357788
18:09:36,2650748,1387428,34.357788
18:09:41,2650872,1387304,34.35472
18:09:46,2650872,1387304,34.35472
18:09:51,2650872,1387304,34.35472
18:09:56,2650872,1387304,34.35472
18:10:01,2651048,1387128,34.35036
18:10:06,2650872,1387304,34.35472
18:10:11,2650872,1387304,34.35472
18:10:16,2650872,1387304,34.35472
18:10:21,2650872,1387304,34.35472
18:10:26,2650872,1387304,34.35472
18:10:31,2650872,1387304,34.35472
18:10:36,2650872,1387304,34.35472
18:10:41,2650872,1387304,34.35472
18:10:46,2650872,1387304,34.35472
18:10:51,2650872,1387304,34.35472
18:10:56,2650872,1387304,34.35472
18:11:01,2650872,1387304,34.35472
18:11:06,2650872,1387304,34.35472
18:11:11,2650872,1387304,34.35472
18:11:16,2650872,1387304,34.35472
18:11:21,2650872,1387304,34.35472
18:11:26,2650872,1387304,34.35472
18:11:31,2650748,1387428,34.357788
18:11:36,2650624,1387552,34.36086
18:11:41,2650500,1387676,34.36393
18:11:46,2650500,1387676,34.36393
18:11:51,2650500,1387676,34.36393
18:11:56,2650500,1387676,34.36393
18:12:01,2650500,1387676,34.36393
18:12:06,2650500,1387676,34.36393
18:12:11,2650624,1387552,34.36086
18:12:16,2650624,1387552,34.36086
18:12:21,2650624,1387552,34.36086
18:12:26,2650624,1387552,34.36086
18:12:31,2650624,1387552,34.36086
18:12:36,2650624,1387552,34.36086
18:12:41,2650624,1387552,34.36086
18:12:46,2650624,1387552,34.36086
18:12:51,2650624,1387552,34.36086
18:12:56,2650624,1387552,34.36086
18:13:01,2650748,1387428,34.357788
18:13:06,2650748,1387428,34.357788
18:13:11,2650748,1387428,34.357788
18:13:16,2650748,1387428,34.357788
18:13:21,2650748,1387428,34.357788
18:13:26,2650748,1387428,34.357788
18:13:31,2650748,1387428,34.357788
18:13:36,2650748,1387428,34.357788
18:13:41,2650748,1387428,34.357788
18:13:46,2650748,1387428,34.357788
18:13:51,2650748,1387428,34.357788
18:13:56,2650748,1387428,34.357788
18:14:01,2650748,1387428,34.357788
18:14:06,2650748,1387428,34.357788
18:14:11,2650748,1387428,34.357788
18:14:16,2650748,1387428,34.357788
18:14:21,2650748,1387428,34.357788
18:14:26,2650748,1387428,34.357788
18:14:31,2650748,1387428,34.357788
18:14:36,2650748,1387428,34.357788
18:14:41,2650748,1387428,34.357788
18:14:46,2650748,1387428,34.357788
18:14:51,2650748,1387428,34.357788
18:14:56,2650748,1387428,34.357788
18:15:01,2650748,1387428,34.357788
18:15:06,2650748,1387428,34.357788
18:15:11,2650748,1387428,34.357788
18:15:16,2650748,1387428,34.357788
18:15:21,2650748,1387428,34.357788
18:15:26,2650748,1387428,34.357788
18:15:31,2650748,1387428,34.357788
18:15:36,2650748,1387428,34.357788
18:15:41,2650748,1387428,34.357788
18:15:46,2650748,1387428,34.357788
18:15:51,2650748,1387428,34.357788
18:15:56,2650748,1387428,34.357788
18:16:01,2650748,1387428,34.357788
18:16:06,2650748,1387428,34.357788
18:16:11,2650748,1387428,34.357788
18:16:16,2650748,1387428,34.357788
18:16:21,2650748,1387428,34.357788
18:16:26,2650748,1387428,34.357788
18:16:31,2650748,1387428,34.357788
18:16:36,2650748,1387428,34.357788
18:16:41,2650748,1387428,34.357788
18:16:46,2650748,1387428,34.357788
18:16:51,2650748,1387428,34.357788
18:16:56,2650748,1387428,34.357788
18:17:01,2650748,1387428,34.357788
18:17:06,2650368,1387808,34.3672
18:17:11,2650252,1387924,34.37007
18:17:16,2650252,1387924,34.37007
18:17:21,2650252,1387924,34.37007
18:17:26,2650252,1387924,34.37007
18:17:31,2650252,1387924,34.37007
18:17:36,2650252,1387924,34.37007
18:17:41,2650252,1387924,34.37007
18:17:46,2650252,1387924,34.37007
18:17:51,2650252,1387924,34.37007
18:17:56,2650252,1387924,34.37007
18:18:01,2650252,1387924,34.37007
18:18:06,2650252,1387924,34.37007
18:18:11,2650252,1387924,34.37007
18:18:16,2650252,1387924,34.37007
18:18:21,2650252,1387924,34.37007
18:18:26,2650252,1387924,34.37007
18:18:31,2650252,1387924,34.37007
18:18:36,2650252,1387924,34.37007
18:18:41,2650252,1387924,34.37007
18:18:46,2650252,1387924,34.37007
18:18:51,2650252,1387924,34.37007
18:18:56,2650252,1387924,34.37007
18:19:01,2650252,1387924,34.37007
18:19:06,2650252,1387924,34.37007
18:19:11,2650252,1387924,34.37007
18:19:16,2650252,1387924,34.37007
18:19:21,2650252,1387924,34.37007
18:19:26,2650252,1387924,34.37007
18:19:31,2650252,1387924,34.37007
18:19:36,2650252,1387924,34.37007
18:19:41,2650252,1387924,34.37007
18:19:46,2650252,1387924,34.37007
18:19:51,2650252,1387924,34.37007
18:19:56,2650252,1387924,34.37007
18:20:01,2650252,1387924,34.37007
18:20:06,2650252,1387924,34.37007
18:20:11,2650252,1387924,34.37007
18:20:16,2650252,1387924,34.37007
18:20:21,2650252,1387924,34.37007
18:20:26,2650252,1387924,34.37007
18:20:31,2650252,1387924,34.37007
18:20:36,2650252,1387924,34.37007
18:20:41,2650252,1387924,34.37007
18:20:46,2650252,1387924,34.37007
18:20:51,2650252,1387924,34.37007
18:20:56,2650252,1387924,34.37007
18:21:01,2650252,1387924,34.37007
18:21:06,2650252,1387924,34.37007
18:21:11,2650252,1387924,34.37007
18:21:17,2650252,1387924,34.37007
18:21:22,2650252,1387924,34.37007
18:21:27,2650252,1387924,34.37007
18:21:32,2650252,1387924,34.37007
18:21:37,2650128,1388048,34.373142
18:21:42,2650004,1388172,34.376213
18:21:47,2650004,1388172,34.376213
18:21:52,2650004,1388172,34.376213
18:21:57,2650036,1388140,34.37542
18:22:02,2650036,1388140,34.37542
18:22:07,2650036,1388140,34.37542
18:22:12,2650036,1388140,34.37542
18:22:17,2650036,1388140,34.37542
18:22:22,2650036,1388140,34.37542
18:22:27,2650036,1388140,34.37542
18:22:32,2650036,1388140,34.37542
18:22:37,2650036,1388140,34.37542
18:22:42,2650036,1388140,34.37542
18:22:47,2650036,1388140,34.37542
18:22:52,2650036,1388140,34.37542
18:22:57,2650036,1388140,34.37542
18:23:02,2650284,1387892,34.36928
18:23:07,2650284,1387892,34.36928
18:23:12,2650284,1387892,34.36928
18:23:17,2650284,1387892,34.36928
18:23:22,2650284,1387892,34.36928
18:23:27,2650284,1387892,34.36928
18:23:32,2650408,1387768,34.366207
18:23:37,2650408,1387768,34.366207
18:23:42,2650408,1387768,34.366207
18:23:47,2650408,1387768,34.366207
18:23:52,2650408,1387768,34.366207
18:23:57,2650408,1387768,34.366207
18:24:02,2650656,1387520,34.360065
18:24:07,2650656,1387520,34.360065
18:24:12,2650656,1387520,34.360065
18:24:17,2650656,1387520,34.360065
18:24:22,2650656,1387520,34.360065
18:24:27,2650656,1387520,34.360065
18:24:32,2650656,1387520,34.360065
18:24:37,2650656,1387520,34.360065
18:24:42,2650656,1387520,34.360065
18:24:47,2650656,1387520,34.360065
18:24:52,2650532,1387644,34.36314
18:24:57,2650532,1387644,34.36314
18:25:02,2650780,1387396,34.356995
18:25:07,2650780,1387396,34.356995
18:25:12,2650780,1387396,34.356995
18:25:17,2650780,1387396,34.356995
18:25:22,2650780,1387396,34.356995
18:25:27,2650780,1387396,34.356995
18:25:32,2650904,1387272,34.353928
18:25:37,2650904,1387272,34.353928
18:25:42,2650904,1387272,34.353928
18:25:47,2650904,1387272,34.353928
18:25:52,2650904,1387272,34.353928
18:25:57,2650904,1387272,34.353928
18:26:02,2651152,1387024,34.347786
18:26:07,2651152,1387024,34.347786
18:26:12,2651152,1387024,34.347786
18:26:17,2651152,1387024,34.347786
18:26:22,2651152,1387024,34.347786
18:26:27,2651152,1387024,34.347786
18:26:32,2651152,1387024,34.347786
18:26:37,2651152,1387024,34.347786
18:26:42,2651152,1387024,34.347786
18:26:47,2651152,1387024,34.347786
18:26:52,2651152,1387024,34.347786
18:26:57,2651152,1387024,34.347786
18:27:02,2651152,1387024,34.347786
18:27:07,2651152,1387024,34.347786
18:27:12,2651152,1387024,34.347786
18:27:17,2651152,1387024,34.347786
18:27:22,2651152,1387024,34.347786
18:27:27,2651152,1387024,34.347786
18:27:32,2651152,1387024,34.347786
18:27:37,2651152,1387024,34.347786
18:27:42,2651152,1387024,34.347786
18:27:47,2651152,1387024,34.347786
18:27:52,2651152,1387024,34.347786
18:27:57,2651152,1387024,34.347786
18:28:02,2651276,1386900,34.344715
18:28:07,2651276,1386900,34.344715
18:28:12,2651276,1386900,34.344715
18:28:17,2651276,1386900,34.344715
18:28:22,2651276,1386900,34.344715
18:28:27,2651276,1386900,34.344715
18:28:32,2651276,1386900,34.344715
18:28:37,2651276,1386900,34.344715
18:28:42,2651276,1386900,34.344715
18:28:47,2651276,1386900,34.344715
18:28:52,2651276,1386900,34.344715
18:28:57,2651276,1386900,34.344715
18:29:02,2651400,1386776,34.34164
18:29:07,2651400,1386776,34.34164
18:29:12,2651400,1386776,34.34164
18:29:17,2651400,1386776,34.34164
18:29:22,2651400,1386776,34.34164
18:29:27,2651400,1386776,34.34164
18:29:32,2651276,1386900,34.344715
18:29:37,2651276,1386900,34.344715
18:29:42,2651276,1386900,34.344715
18:29:47,2651152,1387024,34.347786
18:29:52,2651152,1387024,34.347786
18:29:57,2651152,1387024,34.347786
18:30:02,2651276,1386900,34.344715
18:30:07,2651276,1386900,34.344715
18:30:12,2651400,1386776,34.34164
18:30:17,2651400,1386776,34.34164
18:30:22,2651400,1386776,34.34164
18:30:27,2651400,1386776,34.34164
18:30:32,2651400,1386776,34.34164
18:30:37,2651400,1386776,34.34164
18:30:42,2651400,1386776,34.34164
18:30:47,2651400,1386776,34.34164
18:30:52,2651400,1386776,34.34164
18:30:57,2651400,1386776,34.34164
18:31:02,2651400,1386776,34.34164
18:31:07,2651400,1386776,34.34164
18:31:12,2651400,1386776,34.34164
18:31:17,2651400,1386776,34.34164
18:31:22,2651400,1386776,34.34164
18:31:27,2651400,1386776,34.34164
18:31:32,2651276,1386900,34.344715
18:31:37,2651276,1386900,34.344715
18:31:42,2651276,1386900,34.344715
18:31:47,2651276,1386900,34.344715
18:31:52,2651276,1386900,34.344715
18:31:57,2651276,1386900,34.344715
18:32:02,2651028,1387148,34.350853
18:32:07,2651028,1387148,34.350853
18:32:12,2651028,1387148,34.350853
18:32:17,2651028,1387148,34.350853
18:32:22,2651028,1387148,34.350853
18:32:27,2651028,1387148,34.350853
18:32:32,2651028,1387148,34.350853
18:32:37,2651028,1387148,34.350853
18:32:42,2651028,1387148,34.350853
18:32:47,2651028,1387148,34.350853
18:32:52,2651028,1387148,34.350853
18:32:57,2651028,1387148,34.350853
18:33:02,2650904,1387272,34.353928
18:33:07,2650904,1387272,34.353928
18:33:12,2650904,1387272,34.353928
18:33:17,2650904,1387272,34.353928
18:33:22,2650904,1387272,34.353928
18:33:27,2650904,1387272,34.353928
18:33:32,2650904,1387272,34.353928
18:33:37,2650780,1387396,34.356995
18:33:42,2650780,1387396,34.356995
18:33:47,2650780,1387396,34.356995
18:33:52,2650780,1387396,34.356995
18:33:57,2650780,1387396,34.356995
18:34:02,2650780,1387396,34.356995
18:34:07,2650780,1387396,34.356995
18:34:12,2650780,1387396,34.356995
18:34:17,2650780,1387396,34.356995
18:34:22,2650780,1387396,34.356995
18:34:27,2650780,1387396,34.356995
18:34:32,2650904,1387272,34.353928
18:34:37,2650904,1387272,34.353928
18:34:42,2650904,1387272,34.353928
18:34:47,2650904,1387272,34.353928
18:34:52,2650904,1387272,34.353928
18:34:57,2650904,1387272,34.353928
18:35:02,2650904,1387272,34.353928
18:35:07,2650904,1387272,34.353928
18:35:12,2650904,1387272,34.353928
18:35:17,2650904,1387272,34.353928
18:35:22,2650904,1387272,34.353928
18:35:27,2650904,1387272,34.353928
18:35:32,2650904,1387272,34.353928
18:35:37,2650904,1387272,34.353928
18:35:42,2650904,1387272,34.353928
18:35:47,2650904,1387272,34.353928
18:35:52,2650904,1387272,34.353928
18:35:57,2650904,1387272,34.353928
18:36:02,2651028,1387148,34.350853
18:36:07,2651028,1387148,34.350853
18:36:12,2651028,1387148,34.350853
18:36:17,2651028,1387148,34.350853
18:36:22,2651028,1387148,34.350853
18:36:27,2651028,1387148,34.350853
18:36:32,2651028,1387148,34.350853
18:36:37,2651028,1387148,34.350853
18:36:42,2651028,1387148,34.350853
18:36:48,2651028,1387148,34.350853
18:36:53,2651028,1387148,34.350853
18:36:58,2651028,1387148,34.350853
18:37:03,2651028,1387148,34.350853
18:37:08,2651028,1387148,34.350853
18:37:13,2651028,1387148,34.350853
18:37:18,2651028,1387148,34.350853
18:37:23,2651028,1387148,34.350853
18:37:28,2651028,1387148,34.350853
18:37:33,2651028,1387148,34.350853
18:37:38,2650904,1387272,34.353928
18:37:43,2650904,1387272,34.353928
18:37:48,2650904,1387272,34.353928
18:37:53,2650904,1387272,34.353928
18:37:58,2650904,1387272,34.353928
18:38:03,2650904,1387272,34.353928
18:38:08,2650904,1387272,34.353928
18:38:13,2650904,1387272,34.353928
18:38:18,2650904,1387272,34.353928
18:38:23,2650904,1387272,34.353928
18:38:28,2650904,1387272,34.353928
18:38:33,2650904,1387272,34.353928
18:38:38,2650904,1387272,34.353928
18:38:43,2650904,1387272,34.353928
18:38:48,2650904,1387272,34.353928
18:38:53,2650904,1387272,34.353928
18:38:58,2650904,1387272,34.353928
18:39:03,2650904,1387272,34.353928
18:39:08,2650904,1387272,34.353928
18:39:13,2650904,1387272,34.353928
18:39:18,2650904,1387272,34.353928
18:39:23,2650904,1387272,34.353928
18:39:28,2650904,1387272,34.353928
18:39:33,2650904,1387272,34.353928
18:39:38,2650904,1387272,34.353928
18:39:43,2650904,1387272,34.353928
18:39:48,2650904,1387272,34.353928
18:39:53,2650904,1387272,34.353928
18:39:58,2650904,1387272,34.353928
18:40:03,2650904,1387272,34.353928
18:40:08,2650904,1387272,34.353928
18:40:13,2650904,1387272,34.353928
18:40:18,2650904,1387272,34.353928
18:40:23,2650904,1387272,34.353928
18:40:28,2650904,1387272,34.353928
18:40:33,2650904,1387272,34.353928
18:40:38,2650904,1387272,34.353928
18:40:43,2650904,1387272,34.353928
18:40:48,2650904,1387272,34.353928
18:40:53,2650904,1387272,34.353928
18:40:58,2650904,1387272,34.353928
18:41:03,2651152,1387024,34.347786
18:41:08,2651276,1386900,34.344715
18:41:13,2651276,1386900,34.344715
18:41:18,2651152,1387024,34.347786
18:41:23,2651152,1387024,34.347786
18:41:28,2651152,1387024,34.347786
18:41:33,2651028,1387148,34.350853
18:41:38,2651028,1387148,34.350853
18:41:43,2651028,1387148,34.350853
18:41:48,2651028,1387148,34.350853
18:41:53,2651028,1387148,34.350853
18:41:58,2651028,1387148,34.350853
18:42:03,2651028,1387148,34.350853
18:42:08,2651028,1387148,34.350853
18:42:13,2651028,1387148,34.350853
18:42:18,2651028,1387148,34.350853
18:42:23,2651028,1387148,34.350853
18:42:28,2651028,1387148,34.350853
18:42:33,2651028,1387148,34.350853
18:42:38,2651028,1387148,34.350853
18:42:43,2651028,1387148,34.350853
18:42:48,2651028,1387148,34.350853
18:42:53,2651028,1387148,34.350853
18:42:58,2651028,1387148,34.350853
18:43:03,2651152,1387024,34.347786
18:43:08,2651152,1387024,34.347786
18:43:13,2651152,1387024,34.347786
18:43:18,2651152,1387024,34.347786
18:43:23,2651152,1387024,34.347786
18:43:28,2651152,1387024,34.347786
18:43:33,2651152,1387024,34.347786
18:43:38,2651152,1387024,34.347786
18:43:43,2651152,1387024,34.347786
18:43:48,2651152,1387024,34.347786
18:43:53,2651152,1387024,34.347786
18:43:58,2651152,1387024,34.347786
18:44:03,2651152,1387024,34.347786
18:44:08,2651152,1387024,34.347786
18:44:13,2651152,1387024,34.347786
18:44:18,2651152,1387024,34.347786
18:44:23,2651152,1387024,34.347786
18:44:28,2651152,1387024,34.347786
18:44:33,2651028,1387148,34.350853
18:44:38,2651028,1387148,34.350853
18:44:43,2651028,1387148,34.350853
18:44:48,2651028,1387148,34.350853
18:44:53,2651028,1387148,34.350853
18:44:58,2651028,1387148,34.350853
18:45:03,2651028,1387148,34.350853
18:45:08,2651028,1387148,34.350853
18:45:13,2651028,1387148,34.350853
18:45:18,2651028,1387148,34.350853
18:45:23,2651028,1387148,34.350853
18:45:28,2651028,1387148,34.350853
18:45:33,2651152,1387024,34.347786
18:45:38,2651152,1387024,34.347786
18:45:43,2651152,1387024,34.347786
18:45:48,2651152,1387024,34.347786
18:45:53,2651152,1387024,34.347786
18:45:58,2651152,1387024,34.347786
18:46:03,2651276,1386900,34.344715
18:46:08,2651276,1386900,34.344715
18:46:13,2651276,1386900,34.344715
18:46:18,2651276,1386900,34.344715
18:46:23,2651276,1386900,34.344715
18:46:28,2651276,1386900,34.344715
18:46:33,2651276,1386900,34.344715
18:46:38,2651276,1386900,34.344715
18:46:43,2651276,1386900,34.344715
18:46:48,2651276,1386900,34.344715
18:46:53,2651276,1386900,34.344715
18:46:58,2651276,1386900,34.344715
18:47:03,2651276,1386900,34.344715
18:47:08,2651276,1386900,34.344715
18:47:13,2651276,1386900,34.344715
18:47:18,2651276,1386900,34.344715
18:47:23,2651276,1386900,34.344715
18:47:28,2651276,1386900,34.344715
18:47:33,2651276,1386900,34.344715
18:47:38,2651276,1386900,34.344715
18:47:43,2651276,1386900,34.344715
18:47:48,2651276,1386900,34.344715
18:47:53,2651152,1387024,34.347786
18:47:58,2651152,1387024,34.347786
18:48:03,2650780,1387396,34.356995
18:48:08,2650780,1387396,34.356995
18:48:13,2650780,1387396,34.356995
18:48:18,2650780,1387396,34.356995
18:48:23,2650780,1387396,34.356995
18:48:28,2650780,1387396,34.356995
18:48:33,2650780,1387396,34.356995
18:48:38,2650780,1387396,34.356995
18:48:43,2650780,1387396,34.356995
18:48:48,2650780,1387396,34.356995
18:48:53,2650780,1387396,34.356995
18:48:58,2650780,1387396,34.356995
18:49:03,2650532,1387644,34.36314
18:49:08,2650532,1387644,34.36314
18:49:13,2650532,1387644,34.36314
18:49:18,2650532,1387644,34.36314
18:49:23,2650532,1387644,34.36314
18:49:28,2650532,1387644,34.36314
18:49:33,2650532,1387644,34.36314
18:49:38,2650532,1387644,34.36314
18:49:43,2650532,1387644,34.36314
18:49:48,2650532,1387644,34.36314
18:49:53,2650532,1387644,34.36314
18:49:58,2650532,1387644,34.36314
18:50:03,2650656,1387520,34.360065
18:50:08,2650656,1387520,34.360065
18:50:13,2650656,1387520,34.360065
18:50:18,2650656,1387520,34.360065
18:50:23,2650656,1387520,34.360065
18:50:28,2650656,1387520,34.360065
18:50:33,2650656,1387520,34.360065
18:50:38,2650656,1387520,34.360065
18:50:43,2650656,1387520,34.360065
18:50:48,2650656,1387520,34.360065
18:50:53,2650656,1387520,34.360065
18:50:58,2650656,1387520,34.360065
18:51:03,2650656,1387520,34.360065
18:51:08,2650656,1387520,34.360065
18:51:13,2650656,1387520,34.360065
18:51:18,2650656,1387520,34.360065
18:51:23,2650656,1387520,34.360065
18:51:28,2650656,1387520,34.360065
18:51:33,2650656,1387520,34.360065
18:51:38,2650656,1387520,34.360065
18:51:43,2650656,1387520,34.360065
18:51:48,2650656,1387520,34.360065
18:51:53,2650656,1387520,34.360065
18:51:58,2650656,1387520,34.360065
18:52:03,2650656,1387520,34.360065
18:52:08,2650656,1387520,34.360065
18:52:13,2650656,1387520,34.360065
18:52:18,2650656,1387520,34.360065
18:52:23,2650656,1387520,34.360065
18:52:28,2650656,1387520,34.360065
18:52:33,2650656,1387520,34.360065
18:52:38,2650656,1387520,34.360065
18:52:43,2650656,1387520,34.360065
18:52:48,2650656,1387520,34.360065
18:52:53,2650656,1387520,34.360065
18:52:58,2650656,1387520,34.360065
18:53:03,2650532,1387644,34.36314
18:53:08,2650532,1387644,34.36314
18:53:13,2650532,1387644,34.36314
18:53:18,2650532,1387644,34.36314
18:53:23,2650532,1387644,34.36314
18:53:28,2650532,1387644,34.36314
18:53:33,2650656,1387520,34.360065
18:53:38,2650656,1387520,34.360065
18:53:43,2650656,1387520,34.360065
18:53:48,2650656,1387520,34.360065
18:53:53,2650656,1387520,34.360065
18:53:58,2650656,1387520,34.360065
18:54:03,2650656,1387520,34.360065
18:54:08,2650656,1387520,34.360065
18:54:13,2650656,1387520,34.360065
18:54:18,2650656,1387520,34.360065
18:54:23,2650656,1387520,34.360065
18:54:28,2650532,1387644,34.36314
18:54:33,2650656,1387520,34.360065
18:54:38,2650656,1387520,34.360065
18:54:43,2650656,1387520,34.360065
18:54:48,2650656,1387520,34.360065
18:54:53,2650656,1387520,34.360065
18:54:58,2650656,1387520,34.360065
18:55:03,2650656,1387520,34.360065
18:55:08,2650656,1387520,34.360065
18:55:13,2650656,1387520,34.360065
18:55:18,2650656,1387520,34.360065
18:55:23,2650656,1387520,34.360065
18:55:28,2650656,1387520,34.360065
18:55:33,2650532,1387644,34.36314
18:55:38,2650532,1387644,34.36314
18:55:43,2650532,1387644,34.36314
18:55:48,2650532,1387644,34.36314
18:55:53,2650532,1387644,34.36314
18:55:58,2650532,1387644,34.36314
18:56:03,2650532,1387644,34.36314
18:56:08,2650532,1387644,34.36314
18:56:13,2650532,1387644,34.36314
18:56:18,2650532,1387644,34.36314
18:56:23,2650532,1387644,34.36314
18:56:28,2650532,1387644,34.36314
18:56:33,2650532,1387644,34.36314
18:56:38,2650532,1387644,34.36314
18:56:43,2650532,1387644,34.36314
18:56:48,2650532,1387644,34.36314
18:56:53,2650532,1387644,34.36314
18:56:58,2650532,1387644,34.36314
18:57:03,2650780,1387396,34.356995
18:57:08,2650780,1387396,34.356995
18:57:14,2650780,1387396,34.356995
18:57:19,2650780,1387396,34.356995
18:57:24,2650780,1387396,34.356995
18:57:29,2650780,1387396,34.356995
18:57:34,2650780,1387396,34.356995
18:57:39,2650780,1387396,34.356995
18:57:44,2650780,1387396,34.356995
18:57:49,2650656,1387520,34.360065
18:57:54,2650656,1387520,34.360065
18:57:59,2650656,1387520,34.360065
18:58:04,2650780,1387396,34.356995
18:58:09,2650780,1387396,34.356995
18:58:14,2650780,1387396,34.356995
18:58:19,2650780,1387396,34.356995
18:58:24,2650780,1387396,34.356995
18:58:29,2650780,1387396,34.356995
18:58:34,2650780,1387396,34.356995
18:58:39,2650780,1387396,34.356995
18:58:44,2650780,1387396,34.356995
18:58:49,2650780,1387396,34.356995
18:58:54,2650780,1387396,34.356995
18:58:59,2650780,1387396,34.356995
18:59:04,2650656,1387520,34.360065
18:59:09,2650656,1387520,34.360065
18:59:14,2650656,1387520,34.360065
18:59:19,2650656,1387520,34.360065
18:59:24,2650656,1387520,34.360065
18:59:29,2650656,1387520,34.360065
18:59:34,2650656,1387520,34.360065
18:59:39,2650656,1387520,34.360065
18:59:44,2650656,1387520,34.360065
18:59:49,2650656,1387520,34.360065
18:59:54,2650656,1387520,34.360065
18:59:59,2650656,1387520,34.360065
19:00:04,2650656,1387520,34.360065
19:00:09,2650656,1387520,34.360065
19:00:14,2650656,1387520,34.360065
19:00:19,2650656,1387520,34.360065
19:00:24,2650656,1387520,34.360065
19:00:29,2650656,1387520,34.360065
19:00:34,2650656,1387520,34.360065
19:00:39,2650656,1387520,34.360065
19:00:44,2650656,1387520,34.360065
19:00:49,2650656,1387520,34.360065
19:00:54,2650656,1387520,34.360065
19:00:59,2650656,1387520,34.360065
19:01:04,2650532,1387644,34.36314
19:01:09,2650532,1387644,34.36314
19:01:14,2650532,1387644,34.36314
19:01:19,2650532,1387644,34.36314
19:01:24,2650532,1387644,34.36314
19:01:29,2650532,1387644,34.36314
19:01:34,2650532,1387644,34.36314
19:01:39,2650532,1387644,34.36314
19:01:44,2650532,1387644,34.36314
19:01:49,2650532,1387644,34.36314
19:01:54,2650532,1387644,34.36314
19:01:59,2650532,1387644,34.36314
19:02:04,2650532,1387644,34.36314
19:02:09,2650532,1387644,34.36314
19:02:14,2650532,1387644,34.36314
19:02:19,2650532,1387644,34.36314
19:02:24,2650532,1387644,34.36314
19:02:29,2650532,1387644,34.36314
19:02:34,2650532,1387644,34.36314
19:02:39,2650532,1387644,34.36314
19:02:44,2650532,1387644,34.36314
19:02:49,2650532,1387644,34.36314
19:02:54,2650532,1387644,34.36314
19:02:59,2650532,1387644,34.36314
19:03:04,2650656,1387520,34.360065
19:03:09,2650656,1387520,34.360065
19:03:14,2650656,1387520,34.360065
19:03:19,2650656,1387520,34.360065
19:03:24,2650656,1387520,34.360065
19:03:29,2650656,1387520,34.360065
19:03:34,2650656,1387520,34.360065
19:03:39,2650532,1387644,34.36314
19:03:44,2650532,1387644,34.36314
19:03:49,2650532,1387644,34.36314
19:03:54,2650532,1387644,34.36314
19:03:59,2650532,1387644,34.36314
19:04:04,2650656,1387520,34.360065
19:04:09,2650656,1387520,34.360065
19:04:14,2650656,1387520,34.360065
19:04:19,2650656,1387520,34.360065
19:04:24,2650656,1387520,34.360065
19:04:29,2650656,1387520,34.360065
19:04:34,2650656,1387520,34.360065
19:04:39,2650656,1387520,34.360065
19:04:44,2650656,1387520,34.360065
19:04:49,2650656,1387520,34.360065
19:04:54,2650656,1387520,34.360065
19:04:59,2650656,1387520,34.360065
19:05:04,2650656,1387520,34.360065
19:05:09,2650656,1387520,34.360065
19:05:14,2650656,1387520,34.360065
19:05:19,2650656,1387520,34.360065
19:05:24,2650656,1387520,34.360065
19:05:29,2650656,1387520,34.360065
19:05:34,2650656,1387520,34.360065
19:05:39,2650656,1387520,34.360065
19:05:44,2650656,1387520,34.360065
19:05:49,2650656,1387520,34.360065
19:05:54,2650656,1387520,34.360065
19:05:59,2650656,1387520,34.360065
19:06:04,2650656,1387520,34.360065
19:06:09,2650656,1387520,34.360065
19:06:14,2650656,1387520,34.360065
19:06:19,2650656,1387520,34.360065
19:06:24,2650656,1387520,34.360065
19:06:29,2650656,1387520,34.360065
19:06:34,2650656,1387520,34.360065
19:06:39,2650532,1387644,34.36314
19:06:44,2650532,1387644,34.36314
19:06:49,2650532,1387644,34.36314
19:06:54,2650532,1387644,34.36314
19:06:59,2650532,1387644,34.36314
19:07:04,2650532,1387644,34.36314
19:07:09,2650532,1387644,34.36314
19:07:14,2650532,1387644,34.36314
19:07:19,2650532,1387644,34.36314
19:07:24,2650532,1387644,34.36314
19:07:29,2650532,1387644,34.36314
19:07:34,2650532,1387644,34.36314
19:07:39,2650532,1387644,34.36314
19:07:44,2650532,1387644,34.36314
19:07:49,2650408,1387768,34.366207
19:07:54,2650408,1387768,34.366207
19:07:59,2650408,1387768,34.366207
19:08:04,2650532,1387644,34.36314
19:08:09,2650532,1387644,34.36314
19:08:14,2650532,1387644,34.36314
19:08:19,2650532,1387644,34.36314
19:08:24,2650532,1387644,34.36314
19:08:29,2650532,1387644,34.36314
19:08:34,2650532,1387644,34.36314
19:08:39,2650532,1387644,34.36314
19:08:44,2650532,1387644,34.36314
19:08:49,2650532,1387644,34.36314
19:08:54,2650532,1387644,34.36314
19:08:59,2650532,1387644,34.36314
19:09:04,2650532,1387644,34.36314
19:09:09,2650532,1387644,34.36314
19:09:14,2650532,1387644,34.36314
19:09:19,2650532,1387644,34.36314
19:09:24,2650532,1387644,34.36314
19:09:29,2650532,1387644,34.36314
19:09:34,2650532,1387644,34.36314
19:09:39,2650532,1387644,34.36314
19:09:44,2650532,1387644,34.36314
19:09:49,2650532,1387644,34.36314
19:09:54,2650532,1387644,34.36314
19:09:59,2650532,1387644,34.36314
19:10:04,2650532,1387644,34.36314
19:10:09,2650532,1387644,34.36314
19:10:14,2650532,1387644,34.36314
19:10:19,2650532,1387644,34.36314
19:10:24,2650532,1387644,34.36314
19:10:29,2650532,1387644,34.36314
19:10:34,2650532,1387644,34.36314
19:10:39,2650408,1387768,34.366207
19:10:44,2650408,1387768,34.366207
19:10:49,2650408,1387768,34.366207
19:10:54,2650408,1387768,34.366207
19:10:59,2650408,1387768,34.366207
19:11:04,2650284,1387892,34.36928
19:11:09,2650284,1387892,34.36928
19:11:14,2650284,1387892,34.36928
19:11:19,2650284,1387892,34.36928
19:11:24,2650284,1387892,34.36928
19:11:29,2650284,1387892,34.36928
19:11:34,2650284,1387892,34.36928
19:11:39,2650284,1387892,34.36928
19:11:44,2650284,1387892,34.36928
19:11:49,2650284,1387892,34.36928
19:11:54,2650284,1387892,34.36928
19:11:59,2650284,1387892,34.36928
19:12:04,2650408,1387768,34.366207
19:12:09,2650408,1387768,34.366207
19:12:14,2650408,1387768,34.366207
19:12:19,2650408,1387768,34.366207
19:12:24,2650408,1387768,34.366207
19:12:29,2650408,1387768,34.366207
19:12:34,2650408,1387768,34.366207
19:12:39,2650408,1387768,34.366207
19:12:44,2650408,1387768,34.366207
19:12:49,2650408,1387768,34.366207
19:12:54,2650408,1387768,34.366207
19:12:59,2650408,1387768,34.366207
19:13:04,2650408,1387768,34.366207
19:13:09,2650408,1387768,34.366207
19:13:14,2650408,1387768,34.366207
19:13:19,2650408,1387768,34.366207
19:13:24,2650408,1387768,34.366207
19:13:29,2650408,1387768,34.366207
19:13:34,2650408,1387768,34.366207
19:13:39,2650408,1387768,34.366207
19:13:44,2650408,1387768,34.366207
19:13:49,2650408,1387768,34.366207
19:13:54,2650408,1387768,34.366207
19:13:59,2650408,1387768,34.366207
19:14:04,2650160,1388016,34.37235
19:14:09,2650160,1388016,34.37235
19:14:14,2650160,1388016,34.37235
19:14:19,2650160,1388016,34.37235
19:14:24,2649912,1388264,34.378494
19:14:29,2649912,1388264,34.378494
19:14:34,2649912,1388264,34.378494
19:14:39,2649912,1388264,34.378494
19:14:44,2649912,1388264,34.378494
19:14:49,2649912,1388264,34.378494
19:14:54,2649912,1388264,34.378494
19:14:59,2649912,1388264,34.378494
19:15:04,2649664,1388512,34.384632
19:15:09,2649664,1388512,34.384632
19:15:14,2649664,1388512,34.384632
19:15:19,2649664,1388512,34.384632
19:15:24,2649664,1388512,34.384632
19:15:29,2649664,1388512,34.384632
19:15:34,2649788,1388388,34.38156
19:15:39,2649912,1388264,34.378494
19:15:44,2649912,1388264,34.378494
19:15:49,2649912,1388264,34.378494
19:15:54,2649912,1388264,34.378494
19:15:59,2649912,1388264,34.378494
19:16:04,2650036,1388140,34.37542
19:16:09,2650036,1388140,34.37542
19:16:14,2650036,1388140,34.37542
19:16:19,2650036,1388140,34.37542
19:16:24,2650036,1388140,34.37542
19:16:29,2650036,1388140,34.37542
19:16:35,2650036,1388140,34.37542
19:16:40,2650036,1388140,34.37542
19:16:45,2650036,1388140,34.37542
19:16:50,2650036,1388140,34.37542
19:16:55,2650036,1388140,34.37542
19:17:00,2650036,1388140,34.37542
19:17:05,2649532,1388644,34.3879
19:17:10,2649416,1388760,34.390774
19:17:15,2649416,1388760,34.390774
19:17:20,2649416,1388760,34.390774
19:17:25,2649416,1388760,34.390774
19:17:30,2649416,1388760,34.390774
19:17:35,2649416,1388760,34.390774
19:17:40,2649416,1388760,34.390774
19:17:45,2649416,1388760,34.390774
19:17:50,2649416,1388760,34.390774
19:17:55,2649416,1388760,34.390774
19:18:00,2649416,1388760,34.390774
19:18:05,2649540,1388636,34.387703
19:18:10,2649540,1388636,34.387703
19:18:15,2649540,1388636,34.387703
19:18:20,2649540,1388636,34.387703
19:18:25,2649540,1388636,34.387703
19:18:30,2649540,1388636,34.387703
19:18:35,2649540,1388636,34.387703
19:18:40,2649540,1388636,34.387703
19:18:45,2649540,1388636,34.387703
19:18:50,2649540,1388636,34.387703
19:18:55,2649540,1388636,34.387703
19:19:00,2649536,1388640,34.387802
19:19:05,2649664,1388512,34.384632
19:19:10,2649664,1388512,34.384632
19:19:15,2649664,1388512,34.384632
19:19:20,2649664,1388512,34.384632
19:19:25,2649664,1388512,34.384632
19:19:30,2649664,1388512,34.384632
19:19:35,2649664,1388512,34.384632
19:19:40,2649664,1388512,34.384632
19:19:45,2649664,1388512,34.384632
19:19:50,2649664,1388512,34.384632
19:19:55,2649664,1388512,34.384632
19:20:00,2649632,1388544,34.385426
19:20:05,2649664,1388512,34.384632
19:20:10,2649664,1388512,34.384632
19:20:15,2649664,1388512,34.384632
19:20:20,2649664,1388512,34.384632
19:20:25,2649664,1388512,34.384632
19:20:30,2649664,1388512,34.384632
19:20:35,2649664,1388512,34.384632
19:20:40,2649664,1388512,34.384632
19:20:45,2649664,1388512,34.384632
19:20:50,2649664,1388512,34.384632
19:20:55,2649664,1388512,34.384632
19:21:00,2649852,1388324,34.37998
19:21:05,2649664,1388512,34.384632
19:21:10,2649788,1388388,34.38156
19:21:15,2649788,1388388,34.38156
19:21:20,2649788,1388388,34.38156
19:21:25,2649788,1388388,34.38156
19:21:30,2649788,1388388,34.38156
19:21:35,2649788,1388388,34.38156
19:21:40,2649788,1388388,34.38156
19:21:45,2649788,1388388,34.38156
19:21:50,2649788,1388388,34.38156
19:21:55,2649788,1388388,34.38156
19:22:00,2649944,1388232,34.3777
19:22:05,2649912,1388264,34.378494
19:22:10,2649912,1388264,34.378494
19:22:15,2649912,1388264,34.378494
19:22:20,2649912,1388264,34.378494
19:22:25,2649912,1388264,34.378494
19:22:30,2649912,1388264,34.378494
19:22:35,2649912,1388264,34.378494
19:22:40,2649912,1388264,34.378494
19:22:45,2649912,1388264,34.378494
19:22:50,2649912,1388264,34.378494
19:22:55,2649912,1388264,34.378494
19:23:00,2650004,1388172,34.376213
19:23:05,2650036,1388140,34.37542
19:23:10,2650036,1388140,34.37542
19:23:15,2650036,1388140,34.37542
19:23:20,2650036,1388140,34.37542
19:23:25,2650036,1388140,34.37542
19:23:30,2650036,1388140,34.37542
19:23:35,2650036,1388140,34.37542
19:23:40,2650036,1388140,34.37542
19:23:45,2650036,1388140,34.37542
19:23:50,2650036,1388140,34.37542
19:23:55,2650036,1388140,34.37542
19:24:00,2650132,1388044,34.373047
19:24:05,2650036,1388140,34.37542
19:24:10,2650036,1388140,34.37542
19:24:15,2650036,1388140,34.37542
19:24:20,2650036,1388140,34.37542
19:24:25,2650036,1388140,34.37542
19:24:30,2650036,1388140,34.37542
19:24:35,2650036,1388140,34.37542
19:24:40,2649912,1388264,34.378494
19:24:45,2649912,1388264,34.378494
19:24:50,2649912,1388264,34.378494
19:24:55,2649912,1388264,34.378494
19:25:00,2650088,1388088,34.374134
19:25:05,2649912,1388264,34.378494
19:25:10,2649912,1388264,34.378494
19:25:15,2649912,1388264,34.378494
19:25:20,2649912,1388264,34.378494
19:25:25,2649912,1388264,34.378494
19:25:30,2649912,1388264,34.378494
19:25:35,2649912,1388264,34.378494
19:25:40,2649912,1388264,34.378494
19:25:45,2649912,1388264,34.378494
19:25:50,2649912,1388264,34.378494
19:25:55,2649912,1388264,34.378494
19:26:00,2649912,1388264,34.378494
19:26:05,2649912,1388264,34.378494
19:26:10,2649912,1388264,34.378494
19:26:15,2649912,1388264,34.378494
19:26:20,2649912,1388264,34.378494
19:26:25,2649912,1388264,34.378494
19:26:30,2649912,1388264,34.378494
19:26:35,2649912,1388264,34.378494
19:26:40,2649912,1388264,34.378494
19:26:45,2649788,1388388,34.38156
19:26:50,2649788,1388388,34.38156
19:26:55,2649788,1388388,34.38156
19:27:00,2649964,1388212,34.377205
19:27:05,2649788,1388388,34.38156
19:27:10,2649788,1388388,34.38156
19:27:15,2649788,1388388,34.38156
19:27:20,2649788,1388388,34.38156
19:27:25,2649788,1388388,34.38156
19:27:30,2649788,1388388,34.38156
19:27:35,2649788,1388388,34.38156
19:27:40,2649788,1388388,34.38156
19:27:45,2649788,1388388,34.38156
19:27:50,2649788,1388388,34.38156
19:27:55,2649788,1388388,34.38156
19:28:00,2649744,1388432,34.382652
19:28:05,2649664,1388512,34.384632
19:28:10,2649664,1388512,34.384632
19:28:15,2649664,1388512,34.384632
19:28:20,2649664,1388512,34.384632
19:28:25,2649664,1388512,34.384632
19:28:30,2649664,1388512,34.384632
19:28:35,2649664,1388512,34.384632
19:28:40,2649664,1388512,34.384632
19:28:45,2649664,1388512,34.384632
19:28:50,2649664,1388512,34.384632
19:28:55,2649664,1388512,34.384632
19:29:00,2649644,1388532,34.385128
19:29:05,2649788,1388388,34.38156
19:29:10,2649788,1388388,34.38156
19:29:15,2649788,1388388,34.38156
19:29:20,2649788,1388388,34.38156
19:29:25,2649788,1388388,34.38156
19:29:30,2649788,1388388,34.38156
19:29:35,2649788,1388388,34.38156
19:29:40,2649788,1388388,34.38156
19:29:45,2649788,1388388,34.38156
19:29:50,2649788,1388388,34.38156
19:29:55,2649788,1388388,34.38156
19:30:00,2649788,1388388,34.38156
19:30:05,2649788,1388388,34.38156
19:30:10,2649788,1388388,34.38156
19:30:15,2649664,1388512,34.384632
19:30:20,2649664,1388512,34.384632
19:30:25,2649788,1388388,34.38156
19:30:30,2649788,1388388,34.38156
19:30:35,2649788,1388388,34.38156
19:30:40,2649788,1388388,34.38156
19:30:45,2649788,1388388,34.38156
19:30:50,2649788,1388388,34.38156
19:30:55,2649788,1388388,34.38156
19:31:01,2650168,1388008,34.37215
19:31:06,2649912,1388264,34.378494
19:31:11,2649912,1388264,34.378494
19:31:16,2649912,1388264,34.378494
19:31:21,2649912,1388264,34.378494
19:31:26,2649912,1388264,34.378494
19:31:31,2649912,1388264,34.378494
19:31:36,2649912,1388264,34.378494
19:31:41,2649912,1388264,34.378494
19:31:46,2649912,1388264,34.378494
19:31:51,2649912,1388264,34.378494
19:31:56,2649912,1388264,34.378494
19:32:01,2649912,1388264,34.378494
19:32:06,2649912,1388264,34.378494
19:32:11,2649912,1388264,34.378494
19:32:16,2649912,1388264,34.378494
19:32:21,2649912,1388264,34.378494
19:32:26,2649912,1388264,34.378494
19:32:31,2649912,1388264,34.378494
19:32:36,2649912,1388264,34.378494
19:32:41,2649788,1388388,34.38156
19:32:46,2649788,1388388,34.38156
19:32:51,2649788,1388388,34.38156
19:32:56,2649788,1388388,34.38156
19:33:01,2649964,1388212,34.377205
19:33:06,2649788,1388388,34.38156
19:33:11,2649788,1388388,34.38156
19:33:16,2649788,1388388,34.38156
19:33:21,2649788,1388388,34.38156
19:33:26,2649788,1388388,34.38156
19:33:31,2649788,1388388,34.38156
19:33:36,2649788,1388388,34.38156
19:33:41,2649788,1388388,34.38156
19:33:46,2649788,1388388,34.38156
19:33:51,2649788,1388388,34.38156
19:33:56,2649788,1388388,34.38156
19:34:01,2649664,1388512,34.384632
19:34:06,2649664,1388512,34.384632
19:34:11,2649664,1388512,34.384632
19:34:16,2649664,1388512,34.384632
19:34:21,2649540,1388636,34.387703
19:34:26,2649540,1388636,34.387703
19:34:31,2649540,1388636,34.387703
19:34:36,2649540,1388636,34.387703
19:34:41,2649416,1388760,34.390774
19:34:46,2649416,1388760,34.390774
19:34:51,2649416,1388760,34.390774
19:34:56,2649416,1388760,34.390774
19:35:01,2649416,1388760,34.390774
19:35:06,2649416,1388760,34.390774
19:35:11,2649416,1388760,34.390774
19:35:16,2649416,1388760,34.390774
19:35:21,2649416,1388760,34.390774
19:35:26,2649416,1388760,34.390774
19:35:31,2649540,1388636,34.387703
19:35:36,2649664,1388512,34.384632
19:35:41,2649664,1388512,34.384632
19:35:46,2649664,1388512,34.384632
19:35:51,2649664,1388512,34.384632
19:35:56,2649664,1388512,34.384632
19:36:01,2649664,1388512,34.384632
19:36:06,2649664,1388512,34.384632
19:36:11,2649664,1388512,34.384632
19:36:16,2649664,1388512,34.384632
19:36:21,2649664,1388512,34.384632
19:36:26,2649664,1388512,34.384632
19:36:31,2649664,1388512,34.384632
19:36:36,2649664,1388512,34.384632
19:36:41,2649664,1388512,34.384632
19:36:46,2649540,1388636,34.387703
19:36:51,2649540,1388636,34.387703
19:36:56,2649540,1388636,34.387703
19:37:01,2649540,1388636,34.387703
19:37:06,2649540,1388636,34.387703
19:37:11,2649540,1388636,34.387703
19:37:16,2649540,1388636,34.387703
19:37:21,2649540,1388636,34.387703
19:37:26,2649540,1388636,34.387703
19:37:31,2649540,1388636,34.387703
19:37:36,2649416,1388760,34.390774
19:37:41,2649416,1388760,34.390774
19:37:46,2649416,1388760,34.390774
19:37:51,2649416,1388760,34.390774
19:37:56,2649416,1388760,34.390774
19:38:01,2649416,1388760,34.390774
19:38:06,2649416,1388760,34.390774
19:38:11,2649416,1388760,34.390774
19:38:16,2649416,1388760,34.390774
19:38:21,2649416,1388760,34.390774
19:38:26,2649416,1388760,34.390774
19:38:31,2649416,1388760,34.390774
19:38:36,2649416,1388760,34.390774
19:38:41,2649416,1388760,34.390774
19:38:46,2649416,1388760,34.390774
19:38:51,2649416,1388760,34.390774
19:38:56,2649416,1388760,34.390774
19:39:01,2649664,1388512,34.384632
19:39:06,2649664,1388512,34.384632
19:39:11,2649664,1388512,34.384632
19:39:16,2649664,1388512,34.384632
19:39:21,2649664,1388512,34.384632
19:39:26,2649664,1388512,34.384632
19:39:31,2649664,1388512,34.384632
19:39:36,2649664,1388512,34.384632
19:39:41,2649664,1388512,34.384632
19:39:46,2649664,1388512,34.384632
19:39:51,2649664,1388512,34.384632
19:39:56,2649664,1388512,34.384632
19:40:01,2649912,1388264,34.378494
19:40:06,2649912,1388264,34.378494
19:40:11,2649912,1388264,34.378494
19:40:16,2649912,1388264,34.378494
19:40:21,2649912,1388264,34.378494
19:40:26,2649912,1388264,34.378494
19:40:31,2649912,1388264,34.378494
19:40:36,2649912,1388264,34.378494
19:40:41,2649912,1388264,34.378494
19:40:46,2649912,1388264,34.378494
19:40:51,2649912,1388264,34.378494
19:40:56,2649788,1388388,34.38156
19:41:01,2649912,1388264,34.378494
19:41:06,2649912,1388264,34.378494
19:41:11,2649912,1388264,34.378494
19:41:16,2649912,1388264,34.378494
19:41:21,2649912,1388264,34.378494
19:41:26,2649912,1388264,34.378494
19:41:31,2649912,1388264,34.378494
19:41:36,2649912,1388264,34.378494
19:41:41,2649912,1388264,34.378494
